Symbol,Company,🕵️ Accumulation Status,Opportunity Score,Promoter Holding (%),FII/DII (%),Dist from 52W Low (%),Dist to ATH (%),52W Low Date,ATH Date,Debt-to-Equity,ROE (%),Volume Profile
CRISIL,CRISIL Ltd.,💎 SILENT ACCUMULATION,100,71.88%,15.61%,20.0%,54.0%,02-Apr-2026,31-Dec-2024,10.23,29.05%,VDU
CASTROLIND,Castrol India Ltd.,🟢 STRONG HOLDINGS,100,51.3%,17.71%,18.3%,29.7%,24-Mar-2026,27-Aug-2024,2.78,57.0%,Normal
LTM,LTM Ltd.,🟢 STRONG HOLDINGS,100,68.58%,18.79%,15.4%,75.2%,30-Jun-2026,04-Jan-2022,9.87,21.97%,Normal
HCLTECH,HCL Technologies Ltd.,🟢 STRONG HOLDINGS,100,62.78%,28.18%,19.3%,53.6%,01-Jul-2026,13-Jan-2025,7.06,24.07%,Normal
INDIANB,Indian Bank,🟢 STRONG HOLDINGS,100,76.41%,17.33%,14.2%,18.1%,03-Oct-2025,15-Apr-2026,0.0,16.17%,Normal
SANOFICONR,Sanofi Consumer Healthcare India Ltd.,🟢 STRONG HOLDINGS,100,72.52%,18.37%,0.8%,61.2%,08-Oct-2026,30-Jun-2025,5.98,87.95%,Normal
SCHAEFFLER,Schaeffler India Ltd.,🟢 STRONG HOLDINGS,100,74.3%,18.37%,5.1%,32.8%,22-Jan-2026,18-Jun-2024,0.78,21.64%,Normal
POLYCAB,Polycab India Ltd.,🟢 STRONG HOLDINGS,100,64.41%,16.45%,24.5%,22.7%,27-Jan-2026,22-Jun-2026,1.74,25.55%,Normal
APLLTD,Alembic Pharmaceuticals Ltd.,🟢 STRONG HOLDINGS,80,70.67%,17.5%,27.8%,58.7%,23-Mar-2026,09-Oct-2024,25.22,0%,Normal
ALKEM,Alkem Laboratories Ltd.,🟢 STRONG HOLDINGS,80,61.41%,27.82%,3.9%,20.3%,11-Sep-2026,13-Sep-2024,14.27,0%,Normal
AFFLE,Affle 3i Ltd.,💎 SILENT ACCUMULATION,80,74.48%,28.68%,12.0%,56.0%,23-Mar-2026,22-Sep-2025,0.41,0%,VDU
ACC,ACC Ltd.,🟢 STRONG HOLDINGS,80,57.51%,22.8%,0.7%,148.6%,09-Oct-2026,02-Jul-2024,2.08,0%,Normal
AIAENG,AIA Engineering Ltd.,🟢 STRONG HOLDINGS,80,58.53%,34.66%,23.4%,37.9%,30-Sep-2025,30-Jun-2026,0.13,0%,Normal
AVALON,Avalon Technologies Ltd.,🟢 STRONG HOLDINGS,80,54.4%,27.7%,196.0%,13.8%,29-Jan-2026,18-Sep-2026,29.5,0%,VDU
ASTRAL,Astral Ltd.,🟢 STRONG HOLDINGS,80,54.34%,28.05%,7.6%,73.1%,09-Jul-2026,02-Jul-2024,6.17,0%,Normal
BANKINDIA,Bank of India,🟢 STRONG HOLDINGS,80,73.38%,15.22%,13.6%,28.5%,17-Oct-2025,27-Feb-2026,0.0,13.7%,Normal
BALKRISIND,Balkrishna Industries Ltd.,💎 SILENT ACCUMULATION,80,58.54%,30.93%,2.4%,65.5%,11-Jun-2026,01-Aug-2024,37.52,0%,VDU
BEL,Bharat Electronics Ltd.,🟢 STRONG HOLDINGS,80,53.42%,28.82%,2.1%,28.4%,09-Oct-2026,06-Mar-2026,0.27,0%,Normal
BIKAJI,Bikaji Foods International Ltd.,💎 SILENT ACCUMULATION,80,73.88%,19.8%,0.4%,114.4%,08-Oct-2026,27-Sep-2024,17.53,0%,VDU
BIRLACORPN,Birla Corporation Ltd.,🟢 STRONG HOLDINGS,80,64.34%,20.57%,7.6%,114.5%,16-Mar-2026,27-Feb-2024,46.04,0%,Normal
BANKBARODA,Bank of Baroda,🟢 STRONG HOLDINGS,80,66.46%,20.5%,5.4%,33.7%,29-Sep-2026,26-Feb-2026,0.0,11.32%,Normal
CSBBANK,CSB Bank Ltd.,💎 SILENT ACCUMULATION,80,52.36%,18.29%,1.8%,91.2%,15-Sep-2026,05-Jan-2026,0.0,0%,VDU
FIRSTCRY,Brainbees Solutions Ltd.,💎 SILENT ACCUMULATION,80,58.81%,23.1%,3.6%,333.9%,18-Sep-2026,15-Oct-2024,29.76,0%,VDU
BRITANNIA,Britannia Industries Ltd.,🟢 STRONG HOLDINGS,80,51.18%,25.16%,0.2%,32.4%,05-Oct-2026,03-Oct-2024,26.88,0%,Normal
CIEINDIA,CIE Automotive India Ltd.,🟢 STRONG HOLDINGS,80,66.42%,23.67%,1.0%,62.8%,16-Sep-2026,09-Jul-2024,6.63,12.22%,Normal
CANBK,Canara Bank,🟢 STRONG HOLDINGS,80,64.36%,18.01%,2.6%,31.9%,01-Oct-2026,26-Feb-2026,0.0,0%,Normal
CAMPUS,Campus Activewear Ltd.,🟢 STRONG HOLDINGS,80,72.11%,17.82%,0.6%,221.1%,09-Oct-2026,19-Oct-2022,26.06,0%,Normal
CAPILLARY,Capillary Technologies India Ltd.,💎 SILENT ACCUMULATION,80,63.94%,19.73%,29.3%,41.0%,09-Sep-2026,26-Nov-2025,5.24,0%,VDU
BERGEPAINT,Berger Paints India Ltd.,🟢 STRONG HOLDINGS,80,75.6%,15.59%,20.6%,48.2%,16-Mar-2026,14-Oct-2021,9.16,0%,Normal
CUMMINSIND,Cummins India Ltd.,🟢 STRONG HOLDINGS,80,51.29%,29.7%,25.3%,27.6%,03-Oct-2025,29-May-2026,0.43,0%,Normal
CELLO,Cello World Ltd.,🟢 STRONG HOLDINGS,80,73.45%,15.78%,19.6%,170.5%,01-Oct-2026,04-Jul-2024,1.41,0%,Normal
CERA,Cera Sanitaryware Ltd,🟢 STRONG HOLDINGS,80,57.02%,26.27%,12.2%,113.5%,16-Mar-2026,09-Aug-2024,3.17,0%,Normal
CLEAN,Clean Science and Technology Ltd.,🟢 STRONG HOLDINGS,80,55.21%,23.33%,22.8%,232.5%,30-Mar-2026,05-Jan-2022,0.14,0%,Normal
COALINDIA,Coal India Ltd.,💎 SILENT ACCUMULATION,80,61.13%,27.01%,15.9%,16.3%,30-Oct-2025,30-Apr-2026,11.63,0%,VDU
COLPAL,Colgate Palmolive (India) Ltd.,🟢 STRONG HOLDINGS,80,51.41%,21.92%,5.9%,105.4%,01-Oct-2026,30-Sep-2024,2.99,0%,Normal
CONCOR,Container Corporation of India Ltd.,💎 SILENT ACCUMULATION,80,57.4%,42.4%,5.4%,157.8%,23-Mar-2026,04-Jun-2024,7.39,0%,VDU
COROMANDEL,Coromandel International Ltd.,🟢 STRONG HOLDINGS,80,59.56%,25.16%,0.7%,61.7%,08-Oct-2026,31-Jul-2025,11.47,0%,Normal
EICHERMOT,Eicher Motors Ltd.,🟢 STRONG HOLDINGS,80,51.33%,25.87%,10.6%,15.8%,07-Apr-2026,17-Aug-2026,2.05,0%,Normal
DABUR,Dabur India Ltd.,💎 SILENT ACCUMULATION,80,67.67%,22.45%,2.4%,72.5%,09-Sep-2026,17-Sep-2024,10.91,0%,VDU
AMBUJACEM,Ambuja Cements Ltd.,🟢 STRONG HOLDINGS,80,69.35%,23.02%,3.1%,99.4%,08-Oct-2026,02-Jul-2024,1.21,0%,Normal
ACI,Archean Chemical Industries Ltd.,🟢 STRONG HOLDINGS,80,53.43%,23.7%,2.0%,82.1%,16-Sep-2026,27-Feb-2024,24.13,0%,Normal
ASIANPAINT,Asian Paints Ltd.,💎 SILENT ACCUMULATION,80,52.9%,27.25%,11.6%,47.7%,23-Mar-2026,24-Jul-2023,17.85,0%,VDU
ASHOKA,Ashoka Buildcon Ltd.,💎 SILENT ACCUMULATION,80,54.49%,17.29%,1.7%,212.7%,09-Oct-2026,31-Dec-2024,24.46,0%,VDU
ADVENZYMES,Advanced Enzyme Tech Ltd.,🟢 STRONG HOLDINGS,80,55.46%,19.27%,6.5%,109.2%,30-Mar-2026,16-Sep-2024,1.9,0%,Normal
AHLUCONT,Ahluwalia Contracts (India) Ltd.,🟢 STRONG HOLDINGS,80,55.36%,33.65%,2.5%,177.8%,01-Oct-2026,05-Jul-2024,3.55,0%,Normal
RATNAMANI,Ratnamani Metals & Tubes Ltd.,🟢 STRONG HOLDINGS,80,65.46%,25.54%,29.6%,57.6%,11-Feb-2026,13-Sep-2024,7.55,0%,Normal
RAILTEL,Railtel Corporation Of India Ltd.,🟢 STRONG HOLDINGS,80,72.84%,2.95%,1.7%,143.4%,30-Mar-2026,12-Jul-2024,2.82,16.25%,Normal
EIHOTEL,EIH Ltd.,💎 SILENT ACCUMULATION,80,70.52%,15.28%,7.9%,70.5%,02-Apr-2026,10-Apr-2024,4.67,0%,VDU
EMAMILTD,Emami Ltd.,💎 SILENT ACCUMULATION,80,59.4%,28.91%,2.3%,123.9%,01-Sep-2026,06-Sep-2024,5.54,0%,VDU
DALBHARAT,Dalmia Bharat Ltd.,💎 SILENT ACCUMULATION,80,60.46%,29.34%,0.5%,56.0%,08-Oct-2026,17-Sep-2025,40.99,0%,VDU
DOMS,DOMS Industries Ltd.,💎 SILENT ACCUMULATION,80,63.39%,29.12%,1.9%,51.0%,29-Sep-2026,17-Dec-2024,10.85,0%,VDU
GAIL,GAIL (India) Ltd.,🟢 STRONG HOLDINGS,80,58.98%,26.88%,24.4%,36.9%,23-Mar-2026,31-Jul-2024,27.81,0%,Normal
ENDURANCE,Endurance Technologies Ltd.,🟢 STRONG HOLDINGS,80,75.0%,19.39%,14.0%,26.2%,02-Apr-2026,21-Aug-2026,19.39,0%,Normal
GODIGIT,Go Digit General Insurance Ltd.,🟢 STRONG HOLDINGS,80,74.51%,16.47%,17.8%,49.3%,21-Sep-2026,04-Sep-2024,7.47,0%,Normal
GICRE,General Insurance Corporation of India,💎 SILENT ACCUMULATION,80,77.4%,16.98%,0.4%,59.3%,08-Oct-2026,20-Dec-2024,0.0,9.11%,VDU
HDFCAMC,HDFC Asset Management Company Ltd.,🟢 STRONG HOLDINGS,80,56.64%,27.35%,4.0%,29.3%,30-Mar-2026,16-Oct-2025,2.36,0%,Normal
GODREJCP,Godrej Consumer Products Ltd.,💎 SILENT ACCUMULATION,80,64.25%,22.92%,3.4%,73.0%,05-Oct-2026,11-Sep-2024,34.9,0%,VDU
HDFCLIFE,HDFC Life Insurance Company Ltd.,🟢 STRONG HOLDINGS,80,57.42%,28.99%,9.4%,46.9%,10-Sep-2026,30-Jun-2025,15.88,10.83%,Normal
GMRAIRPORT,GMR Airports Ltd.,🟢 STRONG HOLDINGS,80,69.82%,15.82%,9.7%,25.3%,30-Mar-2026,07-Jul-2026,0.0,0%,Normal
FINPIPE,Finolex Industries Ltd.,🟢 STRONG HOLDINGS,80,59.35%,15.59%,4.3%,125.7%,30-Mar-2026,07-Jun-2024,7.17,0%,Normal
ENTERO,Entero Healthcare Solutions Ltd.,🟢 STRONG HOLDINGS,80,64.81%,20.36%,78.9%,13.7%,29-Dec-2025,07-Sep-2026,38.64,0%,VDU
JLHL,Jupiter Life Line Hospitals Ltd.,🟢 STRONG HOLDINGS,80,65.77%,24.18%,5.0%,43.1%,06-Apr-2026,25-Mar-2025,37.84,0%,Normal
INDIAMART,Indiamart Intermesh Ltd.,🟢 STRONG HOLDINGS,80,58.08%,13.55%,2.4%,185.0%,05-Oct-2026,18-Oct-2021,0.97,23.15%,Normal
IOB,Indian Overseas Bank,🟢 STRONG HOLDINGS,80,92.44%,4.32%,1.7%,173.9%,01-Oct-2026,08-Feb-2024,0.0,16.53%,Normal
INDGN,Indegene Ltd.,🟢 STRONG HOLDINGS,80,55.45%,27.3%,40.7%,25.9%,23-Mar-2026,01-Oct-2024,5.04,0%,VDU
IRCTC,Indian Railway Catering And Tourism Corporation Ltd.,🟢 STRONG HOLDINGS,80,62.4%,16.85%,2.9%,166.4%,16-Sep-2026,19-Oct-2021,1.87,0%,Normal
JSWDULUX,JSW Dulux Ltd.,💎 SILENT ACCUMULATION,80,62.22%,28.7%,13.8%,43.5%,09-Mar-2026,01-Nov-2024,3.23,0%,VDU
JINDALSTEL,Jindal Steel Ltd.,🟢 STRONG HOLDINGS,80,63.86%,22.98%,4.2%,28.2%,09-Dec-2025,21-Apr-2026,43.61,0%,Normal
IGL,Indraprastha Gas Ltd.,🟢 STRONG HOLDINGS,80,50.0%,32.88%,3.1%,90.9%,29-Sep-2026,01-Oct-2024,0.85,0%,Normal
JYOTHYLAB,Jyothy Labs Ltd.,💎 SILENT ACCUMULATION,80,70.75%,15.23%,3.5%,211.0%,05-Oct-2026,11-Sep-2024,3.25,0%,VDU
JUBLINGREA,Jubilant Ingrevia Ltd.,🟢 STRONG HOLDINGS,80,50.88%,27.88%,16.9%,39.5%,09-Mar-2026,06-Jan-2025,25.33,0%,Normal
JIOFIN,Jio Financial Services Ltd.,🟢 STRONG HOLDINGS,80,50.19%,19.56%,2.9%,83.2%,01-Oct-2026,23-Apr-2024,16.29,0%,Normal
JSL,Jindal Stainless Ltd.,💎 SILENT ACCUMULATION,80,64.68%,16.54%,9.2%,24.0%,11-Jun-2026,07-Jan-2026,37.52,0%,VDU
KSB,KSB Ltd.,💎 SILENT ACCUMULATION,80,69.97%,13.87%,18.3%,33.7%,27-Jan-2026,15-Jul-2024,0.37,15.19%,VDU
HAVELLS,Havells India Ltd.,🟢 STRONG HOLDINGS,80,63.52%,22.91%,0.8%,102.8%,30-Sep-2026,23-Sep-2024,2.8,0%,Normal
HINDUNILVR,Hindustan Unilever Ltd.,🟢 STRONG HOLDINGS,80,62.27%,20.74%,1.6%,57.1%,01-Oct-2026,23-Sep-2024,3.02,0%,Normal
FINCABLES,Finolex Cables Ltd.,🟢 STRONG HOLDINGS,80,58.64%,21.06%,99.6%,19.7%,30-Jan-2026,25-Jun-2024,0.31,0%,VDU
SRF,SRF Ltd.,🟢 STRONG HOLDINGS,80,52.39%,29.35%,7.2%,31.3%,06-Apr-2026,10-Jul-2025,36.2,0%,Normal
SKFINDIA,SKF India Ltd.,🟢 STRONG HOLDINGS,80,53.15%,27.54%,2.1%,401.1%,30-Mar-2026,18-Jun-2024,0.22,0%,Normal
PATANJALI,Patanjali Foods Ltd.,💎 SILENT ACCUMULATION,80,69.5%,17.75%,10.5%,83.3%,15-Jul-2026,16-Apr-2025,21.3,0%,VDU
LTFOODS,LT Foods Ltd.,🟢 STRONG HOLDINGS,80,61.61%,16.03%,22.3%,26.7%,20-Jan-2026,17-Jul-2025,35.62,0%,Normal
MSUMI,Motherson Sumi Wiring India Ltd.,🟢 STRONG HOLDINGS,80,61.75%,20.74%,0.8%,60.2%,05-Oct-2026,06-Jan-2026,10.79,0%,Normal
MANKIND,Mankind Pharma Ltd.,🟢 STRONG HOLDINGS,80,75.39%,18.8%,24.6%,28.3%,23-Mar-2026,23-Dec-2024,38.11,0%,Normal
MARICO,Marico Ltd.,💎 SILENT ACCUMULATION,80,58.94%,25.31%,12.9%,14.4%,01-Oct-2025,30-Jul-2026,12.39,0%,VDU
MARUTI,Maruti Suzuki India Ltd.,🟢 STRONG HOLDINGS,80,61.59%,25.88%,0.0%,53.2%,08-Oct-2026,05-Jan-2026,0.1,0%,Normal
ONGC,Oil & Natural Gas Corporation Ltd.,🟢 STRONG HOLDINGS,80,69.21%,22.43%,1.3%,39.9%,08-Oct-2026,13-Aug-2024,42.55,0%,Normal
NUVOCO,Nuvoco Vistas Corporation Ltd.,💎 SILENT ACCUMULATION,80,72.02%,19.54%,16.5%,74.0%,24-Mar-2026,08-Nov-2021,48.06,0%,VDU
NESTLEIND,Nestle India Ltd.,🟢 STRONG HOLDINGS,80,62.77%,17.39%,16.4%,17.7%,01-Oct-2025,07-Aug-2026,8.62,0%,Normal
NIVABUPA,Niva Bupa Health Insurance Company Ltd.,🟢 STRONG HOLDINGS,80,75.12%,15.82%,15.3%,40.5%,24-Mar-2026,05-Dec-2024,6.8,12.14%,Normal
OBEROIRLTY,Oberoi Realty Ltd.,🟢 STRONG HOLDINGS,80,67.7%,23.49%,22.4%,36.8%,23-Mar-2026,27-Dec-2024,15.77,0%,Normal
BECTORFOOD,Mrs. Bectors Food Specialities Ltd.,🟢 STRONG HOLDINGS,80,50.29%,31.35%,25.0%,111.9%,15-Jul-2026,20-Sep-2024,15.01,0%,Normal
NSLNISP,NMDC Steel Ltd.,💎 SILENT ACCUMULATION,80,60.79%,17.08%,18.8%,87.9%,30-Mar-2026,05-Feb-2024,35.02,0%,VDU
NMDC,NMDC Ltd.,🟢 STRONG HOLDINGS,80,60.8%,20.59%,3.8%,34.0%,25-Nov-2025,03-Jun-2026,18.8,0%,Normal
SAGILITY,Sagility Ltd.,🟢 STRONG HOLDINGS,80,50.95%,23.12%,23.1%,31.1%,23-Mar-2026,30-Oct-2025,11.5,0%,Normal
SAFARI,Safari Industries (India) Ltd.,🟢 STRONG HOLDINGS,80,54.46%,32.59%,0.7%,112.3%,08-Oct-2026,11-Dec-2024,10.46,0%,Normal
RELIANCE,Reliance Industries Ltd.,🟢 STRONG HOLDINGS,80,51.8%,28.04%,0.9%,37.1%,09-Oct-2026,05-Jan-2026,46.28,0%,Normal
PFIZER,Pfizer Ltd.,💎 SILENT ACCUMULATION,80,66.95%,15.85%,0.5%,64.5%,08-Oct-2026,02-Sep-2024,1.67,0%,VDU
RHIM,RHI MAGNESITA INDIA LTD.,🟢 STRONG HOLDINGS,80,57.61%,15.44%,14.4%,138.6%,30-Mar-2026,06-Jan-2023,12.6,0%,Normal
PNB,Punjab National Bank,🟢 STRONG HOLDINGS,80,70.08%,19.12%,22.2%,14.0%,18-May-2026,30-Apr-2024,0.0,14.97%,Normal
PIDILITIND,Pidilite Industries Ltd.,💎 SILENT ACCUMULATION,80,69.28%,16.06%,18.6%,15.2%,06-Apr-2026,14-Aug-2026,3.78,0%,VDU
PETRONET,Petronet LNG Ltd.,🟢 STRONG HOLDINGS,80,50.18%,27.26%,24.0%,24.5%,23-Mar-2026,21-Aug-2024,10.51,0%,Normal
SBILIFE,SBI Life Insurance Company Ltd.,🟢 STRONG HOLDINGS,80,58.82%,30.96%,1.8%,26.5%,15-Sep-2026,23-Feb-2026,0.0,13.7%,Normal
BHARTIARTL,Bharti Airtel Ltd.,🟢 STRONG HOLDINGS,70,53.15%,35.61%,5.0%,19.0%,13-May-2026,21-Nov-2025,100.42,20.15%,Normal
CREDITACC,CreditAccess Grameen Ltd.,🟢 STRONG HOLDINGS,70,66.1%,20.5%,13.5%,41.0%,23-Mar-2026,14-Dec-2023,302.87,16.36%,Normal
ICICIBANK,ICICI Bank Ltd.,🟢 STRONG HOLDINGS,70,3.53%,59.19%,15.1%,8.9%,02-Apr-2026,25-Jul-2025,0.0,16.07%,Normal
INDUSTOWER,Indus Towers Ltd.,🟢 STRONG HOLDINGS,70,51.31%,33.33%,17.0%,21.8%,14-Oct-2025,19-Feb-2026,51.79,18.91%,Normal
INFY,Infosys Ltd.,🟢 STRONG HOLDINGS,70,15.98%,51.22%,4.4%,86.4%,29-Sep-2026,13-Dec-2024,9.54,32.0%,Normal
MUTHOOTFIN,Muthoot Finance Ltd.,🟢 STRONG HOLDINGS,70,73.35%,16.79%,2.5%,56.8%,08-Oct-2026,29-Jan-2026,393.56,31.74%,Normal
MPHASIS,MphasiS Ltd.,🟢 STRONG HOLDINGS,70,31.12%,55.75%,20.4%,38.2%,30-Mar-2026,19-Oct-2021,24.68,17.74%,Normal
