Symbol,Company,Watchlist Type,Weekly Anchor Buy,Stop Loss,Target 7%,R:R Ratio,52W High,52W Low
GMRP&UI,GMRP&UI,MOMENTUM SWING,99.3,95.38,106.25,2.0,136.3,86.8
ASAHIINDIA,ASAHIINDIA,MOMENTUM SWING,941.3,913.77,1007.19,2.0,1071.8,773.51
DIVISLAB,DIVISLAB,MOMENTUM SWING,9355.0,8987.22,10009.85,2.0,9740.0,5624.31
AARTIPHARM,AARTIPHARM,MOMENTUM SWING,868.0,844.47,928.76,2.0,1002.4,583.59
WHIRLPOOL,WHIRLPOOL,MOMENTUM SWING,813.9,798.14,870.87,2.0,1428.46,706.0
SPLPETRO,SPLPETRO,MOMENTUM SWING,793.0,757.25,848.51,2.0,899.0,457.27
SONACOMS,SONACOMS,MOMENTUM SWING,784.6,766.76,839.52,2.0,844.0,401.87
AKUMS,AKUMS,MOMENTUM SWING,772.0,756.76,826.04,2.0,838.8,407.37
WELENT,WELENT,MOMENTUM SWING,729.85,705.87,780.94,2.0,841.9,409.98
GODREJAGRO,GODREJAGRO,MOMENTUM SWING,637.9,613.8,682.55,2.0,698.4,496.45
SMLMAH,SMLMAH,MOMENTUM SWING,5940.0,5811.3,6355.8,2.0,6898.5,2703.05
INDGN,INDGN,MOMENTUM SWING,583.5,574.2,624.34,2.0,627.0,412.19
WESTLIFE,WESTLIFE,MOMENTUM SWING,577.9,556.43,618.35,2.0,697.47,398.12
SOUTHBANK,SOUTHBANK,MOMENTUM SWING,47.31,45.65,50.62,2.0,50.68,28.65
ICIL,ICIL,MOMENTUM SWING,434.75,428.67,465.18,2.0,485.95,216.04
MAHABANK,MAHABANK,10X MULTIBAGGER,Stage-2 Breakout,50 EMA Floor,+100% Ride,5.0,Near 52W Low,56.3%
LTM,LTM,10X MULTIBAGGER,Stage-2 Breakout,50 EMA Floor,+100% Ride,5.0,Near 52W Low,13.2%
POLYCAB,POLYCAB,10X MULTIBAGGER,Stage-2 Breakout,50 EMA Floor,+100% Ride,5.0,Near 52W Low,24.2%
SANOFICONR,SANOFICONR,10X MULTIBAGGER,Stage-2 Breakout,50 EMA Floor,+100% Ride,5.0,Near 52W Low,0.2%
VBL,VBL,10X MULTIBAGGER,Stage-2 Breakout,50 EMA Floor,+100% Ride,5.0,Near 52W Low,15.6%
HCLTECH,HCLTECH,10X MULTIBAGGER,Stage-2 Breakout,50 EMA Floor,+100% Ride,5.0,Near 52W Low,17.8%
INDIANB,INDIANB,10X MULTIBAGGER,Stage-2 Breakout,50 EMA Floor,+100% Ride,5.0,Near 52W Low,13.0%
CASTROLIND,CASTROLIND,10X MULTIBAGGER,Stage-2 Breakout,50 EMA Floor,+100% Ride,5.0,Near 52W Low,19.2%
CRISIL,CRISIL,10X MULTIBAGGER,Stage-2 Breakout,50 EMA Floor,+100% Ride,5.0,Near 52W Low,20.7%
SCHAEFFLER,SCHAEFFLER,10X MULTIBAGGER,Stage-2 Breakout,50 EMA Floor,+100% Ride,5.0,Near 52W Low,5.4%
TCS,TCS,10X MULTIBAGGER,Stage-2 Breakout,50 EMA Floor,+100% Ride,5.0,Near 52W Low,10.2%
SBIN,SBIN,10X MULTIBAGGER,Stage-2 Breakout,50 EMA Floor,+100% Ride,5.0,Near 52W Low,13.2%
AMBUJACEM,AMBUJACEM,10X MULTIBAGGER,Stage-2 Breakout,50 EMA Floor,+100% Ride,5.0,Near 52W Low,1.7%
ASTRAL,ASTRAL,10X MULTIBAGGER,Stage-2 Breakout,50 EMA Floor,+100% Ride,5.0,Near 52W Low,8.2%
APARINDS,APARINDS,10X MULTIBAGGER,Stage-2 Breakout,50 EMA Floor,+100% Ride,5.0,Near 52W Low,167.9%
