Symbol,Company,Trading Verdict,Alert Type,Entry Trigger,Stop Loss,Target 7%,F&O Ceiling / Max Pain,52W High,52W High Date,52W Low,52W Low Date,ATH,ATH Date,Dist to ATH (%)
GMRP&UI,GMRP&UI,🎯 BUY ENTRY: ₹99.3,⚡ VCP + VDU,99.3,95.38,106.25,100.0,136.3,20-Nov-2025,86.8,02-Sep-2026,169.25,26-Sep-2024,70.4%
ASAHIINDIA,ASAHIINDIA,🎯 BUY ENTRY: ₹941.3,⚡ VCP + VDU,941.3,913.77,1007.19,950.0,1071.8,01-Dec-2025,773.51,24-Mar-2026,1071.8,01-Dec-2025,13.9%
DIVISLAB,DIVISLAB,🎯 BUY ENTRY: ₹9355.0,⚡ VCP + VDU,9355.0,8987.22,10009.85,9400.0,9740.0,24-Sep-2026,5624.31,02-Apr-2026,9740.0,24-Sep-2026,4.1%
AARTIPHARM,AARTIPHARM,🎯 BUY ENTRY: ₹868.0,⚡ VCP + VDU,868.0,844.47,928.76,900.0,1002.4,30-Sep-2026,583.59,30-Mar-2026,1002.4,30-Sep-2026,15.5%
WHIRLPOOL,WHIRLPOOL,🎯 BUY ENTRY: ₹813.9,⚡ VCP + VDU,813.9,798.14,870.87,850.0,1428.46,31-Oct-2025,706.0,18-Sep-2026,2502.81,12-Oct-2021,207.5%
SPLPETRO,SPLPETRO,🎯 BUY ENTRY: ₹793.0,⚡ VCP + VDU,793.0,757.25,848.51,800.0,899.0,23-Sep-2026,457.27,21-Jan-2026,965.13,29-Sep-2025,21.7%
SONACOMS,SONACOMS,🎯 BUY ENTRY: ₹784.6,⚡ VCP + VDU,784.6,766.76,839.52,800.0,844.0,20-Aug-2026,401.87,08-Oct-2025,844.0,20-Aug-2026,7.6%
AKUMS,AKUMS,🎯 BUY ENTRY: ₹772.0,⚡ VCP + VDU,772.0,756.76,826.04,800.0,838.8,23-Sep-2026,407.37,21-Jan-2026,1170.37,20-Aug-2024,51.6%
WELENT,WELENT,🎯 BUY ENTRY: ₹729.85,⚡ VCP + VDU,729.85,705.87,780.94,750.0,841.9,21-Sep-2026,409.98,30-Mar-2026,841.9,21-Sep-2026,15.4%
GODREJAGRO,GODREJAGRO,🎯 BUY ENTRY: ₹637.9,⚡ VCP + VDU,637.9,613.8,682.55,650.0,698.4,24-Sep-2026,496.45,27-Jan-2026,850.62,01-Aug-2025,33.3%
SMLMAH,SMLMAH,🎯 BUY ENTRY: ₹5940.0,⚡ VCP + VDU,5940.0,5811.3,6355.8,5950.0,6898.5,23-Sep-2026,2703.05,21-Oct-2025,6898.5,23-Sep-2026,16.1%
INDGN,INDGN,🎯 BUY ENTRY: ₹583.5,⚡ VCP + VDU,583.5,574.2,624.34,600.0,627.0,29-Sep-2026,412.19,23-Mar-2026,730.63,01-Oct-2024,25.2%
WESTLIFE,WESTLIFE,🎯 BUY ENTRY: ₹577.9,⚡ VCP + VDU,577.9,556.43,618.35,600.0,697.47,30-Sep-2025,398.12,23-Mar-2026,1023.17,08-Sep-2023,77.1%
SOUTHBANK,SOUTHBANK,🎯 BUY ENTRY: ₹47.31,⚡ VCP + VDU,47.31,45.65,50.62,50.0,50.68,25-Sep-2026,28.65,01-Oct-2025,50.68,25-Sep-2026,7.1%
ICIL,ICIL,🎯 BUY ENTRY: ₹434.75,⚡ VCP + VDU,434.75,428.67,465.18,450.0,485.95,23-Sep-2026,216.04,23-Mar-2026,485.95,23-Sep-2026,11.8%
ACMESOLAR,ACMESOLAR,🎯 BUY ENTRY: ₹415.85,⚡ VCP + VDU,415.85,407.38,444.96,450.0,476.9,22-Sep-2026,195.73,27-Jan-2026,476.9,22-Sep-2026,14.7%
RBLBANK,RBLBANK,🎯 BUY ENTRY: ₹415.3,⚡ VCP + VDU,415.3,396.0,444.37,450.0,429.6,23-Sep-2026,260.92,01-Oct-2025,429.6,23-Sep-2026,3.4%
REDINGTON,REDINGTON,🎯 BUY ENTRY: ₹387.4,⚡ VCP + VDU,387.4,380.41,414.52,400.0,419.5,23-Sep-2026,187.2,02-Apr-2026,419.5,23-Sep-2026,8.3%
HERITGFOOD,HERITGFOOD,🎯 BUY ENTRY: ₹387.25,⚡ VCP + VDU,387.25,376.7,414.36,400.0,500.02,28-Oct-2025,290.36,30-Mar-2026,714.87,10-Jun-2024,84.6%
NAZARA,NAZARA,🎯 BUY ENTRY: ₹375.45,⚡ VCP + VDU,375.45,367.44,401.73,400.0,401.9,30-Sep-2026,215.7,23-Mar-2026,419.5,11-Oct-2021,11.7%
IIFLCAPS,IIFLCAPS,🎯 BUY ENTRY: ₹343.6,⚡ VCP + VDU,343.6,338.13,367.65,350.0,407.51,07-Jan-2026,240.4,30-Mar-2026,438.88,18-Oct-2024,27.7%
KTKBANK,KTKBANK,🎯 BUY ENTRY: ₹324.2,⚡ VCP + VDU,324.2,313.48,346.89,350.0,345.4,24-Sep-2026,167.64,14-Oct-2025,345.4,24-Sep-2026,6.5%
WELSPUNLIV,WELSPUNLIV,🎯 BUY ENTRY: ₹221.44,⚡ VCP + VDU,221.44,217.08,236.94,250.0,245.5,07-Oct-2026,107.04,30-Mar-2026,245.5,07-Oct-2026,10.9%
TEGA,TEGA,🎯 BUY ENTRY: ₹1970.0,⚡ VCP + VDU,1970.0,1914.66,2107.9,2000.0,2198.0,30-Sep-2026,1471.29,30-Jul-2026,2323.94,07-Nov-2024,18.0%
CASTROLIND,CASTROLIND,🎯 BUY ENTRY: ₹196.27,⚡ VCP + VDU,196.27,190.19,210.01,200.0,203.4,28-Sep-2026,164.6,24-Mar-2026,252.51,27-Aug-2024,28.7%
EMIL,EMIL,🎯 BUY ENTRY: ₹194.55,⚡ VCP + VDU,194.55,187.32,208.17,200.0,212.64,07-Oct-2026,84.9,27-Jan-2026,262.0,09-Jul-2024,34.7%
IPCALAB,IPCALAB,🎯 BUY ENTRY: ₹1923.2,⚡ VCP + VDU,1923.2,1861.99,2057.82,1950.0,2038.0,18-Sep-2026,1247.27,24-Oct-2025,2038.0,18-Sep-2026,6.0%
LALPATHLAB,LALPATHLAB,🎯 BUY ENTRY: ₹1910.1,⚡ VCP + VDU,1910.1,1846.35,2043.81,1950.0,2038.6,16-Sep-2026,1266.16,23-Mar-2026,2038.6,16-Sep-2026,6.7%
LGEINDIA,LGEINDIA,🎯 BUY ENTRY: ₹1747.5,⚡ VCP + VDU,1747.5,1670.33,1869.82,1750.0,1825.0,05-Oct-2026,1304.1,02-Apr-2026,1825.0,05-Oct-2026,4.4%
SYRMA,SYRMA,🎯 BUY ENTRY: ₹1716.0,⚡ VCP + VDU,1716.0,1641.02,1836.12,1750.0,1822.6,01-Oct-2026,633.85,21-Jan-2026,1822.6,01-Oct-2026,6.2%
ENTERO,ENTERO,🎯 BUY ENTRY: ₹1667.0,⚡ VCP + VDU,1667.0,1605.98,1783.69,1700.0,1920.0,07-Sep-2026,944.0,29-Dec-2025,1920.0,07-Sep-2026,15.2%
AUROPHARMA,AUROPHARMA,🎯 BUY ENTRY: ₹1661.4,⚡ VCP + VDU,1661.4,1616.67,1777.7,1700.0,1740.0,24-Sep-2026,1066.8,08-Oct-2025,1740.0,24-Sep-2026,4.7%
QPOWER,QPOWER,🎯 BUY ENTRY: ₹1528.5,⚡ VCP + VDU,1528.5,1465.3,1635.5,1550.0,1681.0,06-Oct-2026,580.5,27-Jan-2026,1681.0,06-Oct-2026,10.0%
SAILIFE,SAILIFE,🎯 BUY ENTRY: ₹1490.3,⚡ VCP + VDU,1490.3,1455.89,1594.62,1500.0,1697.0,09-Sep-2026,783.85,05-Feb-2026,1697.0,09-Sep-2026,13.9%
FINCABLES,FINCABLES,🎯 BUY ENTRY: ₹1411.1,⚡ VCP + VDU,1411.1,1364.12,1509.88,1450.0,1499.0,08-Oct-2026,695.85,30-Jan-2026,1662.71,25-Jun-2024,17.8%
GMMPFAUDLR,GMMPFAUDLR,🎯 BUY ENTRY: ₹1295.9,⚡ VCP + VDU,1295.9,1277.79,1386.61,1300.0,1533.6,21-Sep-2026,734.12,11-Jun-2026,2096.05,06-Sep-2022,61.7%
PGIL,PGIL,🎯 BUY ENTRY: ₹1268.5,⚡ VCP + VDU,1268.5,1221.36,1357.3,1300.0,1357.9,28-Sep-2026,594.67,08-Oct-2025,1357.9,28-Sep-2026,7.0%
KAJARIACER,KAJARIACER,🎯 BUY ENTRY: ₹1210.8,⚡ VCP + VDU,1210.8,1155.33,1295.56,1250.0,1278.95,17-Oct-2025,865.26,02-Feb-2026,1549.15,24-Sep-2024,27.9%
CARBORUNIV,CARBORUNIV,🎯 BUY ENTRY: ₹1204.6,⚡ VCP + VDU,1204.6,1170.58,1288.92,1250.0,1368.9,24-Sep-2026,733.45,23-Mar-2026,1823.05,20-Jun-2024,51.3%
ACE,ACE,🎯 BUY ENTRY: ₹1186.5,⚡ VCP + VDU,1186.5,1153.35,1269.56,1200.0,1268.0,21-Sep-2026,743.73,30-Mar-2026,1685.62,02-Apr-2024,42.1%
SHILPAMED,SHILPAMED,🎯 BUY ENTRY: ₹1018.8,⚡ VCP + VDU,1018.8,981.49,1090.12,1050.0,1095.0,01-Oct-2026,259.34,27-Jan-2026,1095.0,01-Oct-2026,7.5%
JYOTICNC,JYOTICNC,🎯 BUY ENTRY: ₹1002.9,⚡ VCP + VDU,1002.9,973.37,1073.1,1050.0,1134.6,21-Sep-2026,580.1,02-Jun-2026,1504.3,18-Dec-2024,50.0%
PERSISTENT,PERSISTENT,⏳ WAIT,Standard,5573.0,5110.38,5963.11,5600.0,6552.65,23-Dec-2025,4229.81,30-Jun-2026,6700.89,20-Dec-2024,20.2%
NIVABUPA,NIVABUPA,⏳ WAIT,Standard,76.49,71.26,81.84,80.0,91.4,31-Jul-2026,67.5,24-Mar-2026,109.34,05-Dec-2024,42.9%
PNCINFRA,PNCINFRA,⏳ WAIT,Standard,135.4,127.04,144.88,140.0,294.63,03-Oct-2025,115.9,16-Sep-2026,570.42,27-May-2024,321.3%
NEWGEN,NEWGEN,⏳ WAIT,Standard,446.5,434.71,477.76,450.0,1030.41,29-Oct-2025,396.61,30-Mar-2026,1770.31,15-Jan-2025,296.5%
NETWORK18,NETWORK18,⏳ WAIT,Standard,24.8,24.01,26.54,30.0,53.24,10-Oct-2025,24.25,08-Oct-2026,135.7,19-Jan-2024,447.2%
NAVINFLUOR,NAVINFLUOR,⏳ WAIT,⚡ VCP + VDU,8351.0,7954.65,8935.57,8400.0,8949.5,09-Sep-2026,4504.26,03-Oct-2025,8949.5,09-Sep-2026,7.2%
PARKHOSPS,PARKHOSPS,⏳ WAIT,Standard,266.85,258.39,285.53,300.0,305.0,01-Jul-2026,138.1,18-Dec-2025,305.0,01-Jul-2026,14.3%
PIIND,PIIND,⏳ WAIT,Standard,2114.7,2079.0,2262.73,2150.0,3812.93,10-Nov-2025,2100.0,08-Oct-2026,4758.45,20-Sep-2024,125.0%
OLAELEC,OLAELEC,⏳ WAIT,Standard,34.72,32.37,37.15,40.0,57.95,17-Oct-2025,22.25,16-Mar-2026,157.4,20-Aug-2024,353.3%
ONESOURCE,ONESOURCE,⏳ WAIT,Standard,1470.2,1419.26,1573.11,1500.0,1925.0,03-Nov-2025,1057.0,30-Jan-2026,2248.0,18-Jun-2025,52.9%
NESTLEIND,NESTLEIND,⏳ WAIT,Standard,1324.0,1279.97,1416.68,1350.0,1553.0,07-Aug-2026,1142.71,03-Oct-2025,1553.0,07-Aug-2026,17.3%
PARAS,PARAS,⏳ WAIT,Standard,1278.8,1203.05,1368.32,1300.0,1583.91,21-Aug-2026,580.1,23-Mar-2026,1590.38,05-Jul-2024,24.4%
NUVOCO,NUVOCO,⏳ WAIT,Standard,317.65,313.33,339.89,350.0,439.85,10-Oct-2025,276.25,24-Mar-2026,560.0,08-Nov-2021,76.3%
ORKLAINDIA,ORKLAINDIA,⏳ WAIT,Standard,570.05,524.75,609.95,600.0,760.0,06-Nov-2025,530.05,01-Oct-2026,760.0,06-Nov-2025,33.3%
OLECTRA,OLECTRA,⏳ WAIT,Standard,1050.8,1023.56,1124.36,1100.0,1577.2,06-Oct-2025,866.16,16-Mar-2026,2219.77,22-Feb-2024,111.2%
OFSS,OFSS,⏳ WAIT,Standard,10429.0,10160.37,11159.03,10450.0,12540.0,31-Aug-2026,6060.86,17-Mar-2026,12540.0,31-Aug-2026,20.2%
PARADEEP,PARADEEP,⏳ WAIT,Standard,150.13,146.73,160.64,160.0,199.62,07-Oct-2025,98.73,09-Mar-2026,231.04,29-Jul-2025,53.9%
PAYTM,PAYTM,⏳ WAIT,Standard,1658.0,1543.21,1774.06,1700.0,1855.5,16-Sep-2026,930.6,30-Mar-2026,1955.0,18-Nov-2021,17.9%
POLICYBZR,POLICYBZR,⏳ WAIT,Standard,1013.7,935.65,1084.66,1050.0,1964.2,09-Dec-2025,945.1,05-Oct-2026,2246.9,03-Jan-2025,121.7%
ONGC,ONGC,⏳ WAIT,Standard,221.07,216.34,236.54,250.0,306.2,29-Apr-2026,218.53,08-Oct-2026,309.48,13-Aug-2024,40.0%
PNGJL,PNGJL,⏳ WAIT,Standard,592.8,566.03,634.3,600.0,736.4,08-May-2026,503.0,04-Mar-2026,848.0,17-Sep-2024,43.0%
PGEL,PGEL,⏳ WAIT,Standard,511.5,471.34,547.31,550.0,644.1,05-Jan-2026,436.34,06-Apr-2026,1053.24,06-Jan-2025,105.9%
OPTIEMUS,OPTIEMUS,⏳ WAIT,⚡ VCP + VDU,810.9,738.64,867.66,850.0,924.9,06-Oct-2026,288.0,30-Mar-2026,924.9,06-Oct-2026,14.1%
OBEROIRLTY,OBEROIRLTY,⏳ WAIT,Standard,1693.3,1652.21,1811.83,1700.0,1983.95,06-Jul-2026,1387.98,23-Mar-2026,2324.19,27-Dec-2024,37.3%
OIL,OIL,⏳ WAIT,Standard,444.2,430.3,475.29,450.0,529.92,14-May-2026,388.85,10-Dec-2025,728.2,30-Aug-2024,63.9%
PCJEWELLER,PCJEWELLER,⏳ WAIT,Standard,14.63,12.43,15.65,20.0,14.93,09-Oct-2026,7.47,30-Mar-2026,19.65,07-Jul-2025,34.3%
PNBHOUSING,PNBHOUSING,⏳ WAIT,⚡ VCP + VDU,1158.5,1054.75,1239.6,1200.0,1211.5,26-Aug-2026,723.95,09-Mar-2026,1211.5,26-Aug-2026,4.6%
OSWALPUMPS,OSWALPUMPS,⏳ WAIT,Standard,255.6,248.59,273.49,300.0,790.0,10-Oct-2025,251.1,09-Oct-2026,888.4,21-Aug-2025,247.6%
ORIENTCEM,ORIENTCEM,⏳ WAIT,Standard,111.1,108.2,118.88,120.0,225.99,06-Oct-2025,109.29,09-Oct-2026,376.81,22-Oct-2024,239.2%
PCBL,PCBL,⏳ WAIT,Standard,315.05,310.66,337.1,350.0,382.23,08-Oct-2025,223.38,24-Mar-2026,558.31,30-Sep-2024,77.2%
ASKAUTOLTD,ASKAUTOLTD,⏳ WAIT,Standard,591.8,574.3,633.23,600.0,687.7,06-Aug-2026,373.93,09-Mar-2026,687.7,06-Aug-2026,16.2%
PTC,PTC,⏳ WAIT,Standard,147.4,145.04,157.72,150.0,196.42,07-May-2026,125.78,21-Jan-2026,196.42,07-May-2026,33.3%
PTCIL,PTCIL,⏳ WAIT,⚡ VCP + VDU,24280.0,21294.9,25979.6,24300.0,24900.0,09-Oct-2026,14499.0,02-Apr-2026,24900.0,09-Oct-2026,2.6%
POWERGRID,POWERGRID,⏳ WAIT,Standard,250.05,242.2,267.55,300.0,323.44,27-Apr-2026,244.65,08-Oct-2026,343.99,25-Sep-2024,37.6%
QUESS,QUESS,⏳ WAIT,Standard,318.25,315.07,340.53,350.0,388.75,31-Aug-2026,162.54,30-Mar-2026,861.27,17-Nov-2021,170.6%
PRESTIGE,PRESTIGE,⏳ WAIT,Standard,1409.9,1375.9,1508.59,1450.0,1802.93,03-Nov-2025,1088.63,02-Apr-2026,2067.83,24-Jun-2024,46.7%
PRUDENT,PRUDENT,⏳ WAIT,⚡ VCP + VDU,3248.6,3008.41,3476.0,3250.0,4105.5,31-Aug-2026,2118.41,09-Mar-2026,4105.5,31-Aug-2026,26.4%
PRAJIND,PRAJIND,⏳ WAIT,Standard,286.7,281.8,306.77,300.0,422.8,23-Apr-2026,269.91,27-Jan-2026,854.02,01-Jan-2025,197.9%
PURVA,PURVA,⏳ WAIT,Standard,206.17,195.44,220.6,250.0,287.3,23-Oct-2025,160.69,30-Mar-2026,569.6,03-Jul-2024,176.3%
PRSMJOHNSN,PRSMJOHNSN,⏳ WAIT,Standard,97.43,93.73,104.25,100.0,165.9,23-Oct-2025,94.68,09-Oct-2026,246.0,11-Sep-2024,152.5%
PNB,PNB,⏳ WAIT,Standard,116.45,108.28,124.6,120.0,131.33,19-Jan-2026,95.72,18-May-2026,133.38,30-Apr-2024,14.5%
RRKABEL,RRKABEL,⏳ WAIT,⚡ VCP + VDU,2721.1,2415.9,2911.58,2750.0,2983.8,24-Aug-2026,1212.36,24-Oct-2025,2983.8,24-Aug-2026,9.7%
RITES,RITES,⏳ WAIT,Standard,196.16,189.34,209.89,200.0,252.62,21-Nov-2025,171.65,30-Mar-2026,382.92,27-Feb-2024,95.2%
RECLTD,RECLTD,⏳ WAIT,Standard,298.2,283.34,319.07,300.0,381.34,21-Apr-2026,286.2,01-Oct-2026,591.27,12-Jul-2024,98.3%
RHIM,RHIM,⏳ WAIT,Standard,369.45,359.42,395.31,400.0,504.94,07-Oct-2025,320.92,30-Mar-2026,875.77,06-Jan-2023,137.0%
RKFORGE,RKFORGE,⏳ WAIT,Standard,686.7,670.33,734.77,700.0,772.8,19-Aug-2026,459.41,23-Mar-2026,1059.4,15-Oct-2024,54.3%
RATEGAIN,RATEGAIN,⏳ WAIT,Standard,837.85,805.91,896.5,850.0,1050.0,06-Aug-2026,437.0,30-Mar-2026,1050.0,06-Aug-2026,25.3%
RADICO,RADICO,⏳ WAIT,⚡ VCP + VDU,4543.5,4192.45,4861.54,4550.0,4747.0,19-Aug-2026,2494.47,02-Mar-2026,4747.0,19-Aug-2026,4.5%
RVNL,RVNL,⏳ WAIT,Standard,190.5,185.03,203.84,200.0,398.2,29-Dec-2025,186.9,08-Oct-2026,637.15,15-Jul-2024,234.5%
RAILTEL,RAILTEL,⏳ WAIT,Standard,247.5,243.99,264.82,250.0,396.58,08-Oct-2025,243.93,30-Mar-2026,603.92,12-Jul-2024,144.0%
PFC,PFC,⏳ WAIT,Standard,327.65,310.22,350.59,350.0,476.83,28-Apr-2026,313.35,01-Oct-2026,525.78,12-Jul-2024,60.5%
POLYCAB,POLYCAB,⏳ WAIT,Standard,8237.0,7804.17,8813.59,8250.0,10126.0,22-Jun-2026,6631.53,27-Jan-2026,10126.0,22-Jun-2026,22.9%
PRIVISCL,PRIVISCL,⏳ WAIT,Standard,3451.0,3326.4,3692.57,3500.0,3774.71,22-Jul-2026,2338.74,03-Oct-2025,3774.71,22-Jul-2026,9.4%
PHOENIXLTD,PHOENIXLTD,⏳ WAIT,Standard,1811.3,1753.49,1938.09,1850.0,2166.93,14-Jul-2026,1463.66,24-Mar-2026,2166.93,14-Jul-2026,19.6%
PAGEIND,PAGEIND,⏳ WAIT,Standard,36585.0,35694.45,39145.95,36600.0,43614.21,01-Jul-2026,29525.28,16-Mar-2026,51459.96,21-Oct-2022,40.7%
PVRINOX,PVRINOX,⏳ WAIT,⚡ VCP + VDU,1321.0,1169.39,1413.47,1350.0,1374.8,07-Oct-2026,907.4,30-Mar-2026,2214.85,04-Aug-2022,67.7%
PATANJALI,PATANJALI,⏳ WAIT,Standard,355.9,345.06,380.81,400.0,605.96,31-Oct-2025,326.06,15-Jul-2026,660.77,16-Apr-2025,85.7%
PIRAMALFIN,PIRAMALFIN,⏳ WAIT,Standard,1927.3,1763.39,2062.21,1950.0,2326.4,09-Sep-2026,1252.89,07-Nov-2025,2326.4,09-Sep-2026,20.7%
PFIZER,PFIZER,⏳ WAIT,Standard,3803.5,3693.69,4069.75,3850.0,5489.44,13-Oct-2025,3731.0,08-Oct-2026,6169.14,02-Sep-2024,62.2%
PPLPHARMA,PPLPHARMA,⏳ WAIT,Standard,196.72,191.81,210.49,200.0,231.93,08-Sep-2026,132.3,23-Mar-2026,307.7,06-Nov-2024,56.4%
POLYMED,POLYMED,⏳ WAIT,Standard,1595.8,1530.14,1707.51,1600.0,2090.02,11-Nov-2025,1179.58,30-Mar-2026,3345.06,01-Nov-2024,109.6%
PICCADIL,PICCADIL,⏳ WAIT,Standard,575.2,562.32,615.46,600.0,808.35,11-Aug-2026,514.14,30-Mar-2026,808.35,11-Aug-2026,40.5%
POONAWALLA,POONAWALLA,⏳ WAIT,Standard,441.25,422.83,472.14,450.0,570.4,06-Oct-2025,361.2,30-Mar-2026,570.4,06-Oct-2025,29.3%
PIDILITIND,PIDILITIND,⏳ WAIT,Standard,1479.0,1442.23,1582.53,1500.0,1707.5,14-Aug-2026,1250.0,06-Apr-2026,1707.5,14-Aug-2026,15.4%
POWERMECH,POWERMECH,⏳ WAIT,Standard,2413.5,2309.47,2582.45,2450.0,3005.64,22-Jun-2026,1716.64,30-Mar-2026,3720.03,23-Aug-2024,54.1%
PREMIERENE,PREMIERENE,⏳ WAIT,Standard,891.75,845.06,954.17,900.0,1134.0,10-Jul-2026,666.41,25-Feb-2026,1385.26,17-Dec-2024,55.3%
PINELABS,PINELABS,⏳ WAIT,Standard,167.31,163.6,179.02,170.0,284.0,14-Nov-2025,134.73,27-May-2026,284.0,14-Nov-2025,69.7%
PWL,PWL,⏳ WAIT,⚡ VCP + VDU,140.43,116.53,150.26,150.0,161.99,18-Nov-2025,77.72,04-Mar-2026,161.99,18-Nov-2025,15.4%
PRICOLLTD,PRICOLLTD,⏳ WAIT,Standard,651.3,629.89,696.89,700.0,823.0,20-Aug-2026,498.21,06-Oct-2025,823.0,20-Aug-2026,26.4%
PFOCUS,PFOCUS,⏳ WAIT,Standard,263.5,258.93,281.94,300.0,367.0,17-Apr-2026,161.01,11-Nov-2025,367.0,17-Apr-2026,39.3%
PETRONET,PETRONET,⏳ WAIT,Standard,291.1,278.93,311.48,300.0,322.68,27-Feb-2026,232.67,23-Mar-2026,359.19,21-Aug-2024,23.4%
NTPCGREEN,NTPCGREEN,⏳ WAIT,Standard,91.68,86.74,98.1,100.0,119.95,27-Apr-2026,84.0,02-Mar-2026,155.35,04-Dec-2024,69.4%
NAVA,NAVA,⏳ WAIT,Standard,548.8,533.61,587.22,550.0,732.56,11-May-2026,497.01,25-Nov-2025,732.56,11-May-2026,33.5%
LTM,LTM,⏳ WAIT,Standard,3993.7,3866.54,4273.26,4000.0,6344.47,19-Jan-2026,3528.0,30-Jun-2026,7132.07,04-Jan-2022,78.6%
LAURUSLABS,LAURUSLABS,⏳ WAIT,⚡ VCP + VDU,2028.2,1932.58,2170.17,2050.0,2065.2,07-Oct-2026,841.47,10-Oct-2025,2065.2,07-Oct-2026,1.8%
LATENTVIEW,LATENTVIEW,⏳ WAIT,Standard,233.86,226.09,250.23,250.0,517.5,08-Dec-2025,228.37,08-Oct-2026,754.9,26-Nov-2021,222.8%
LXCHEM,LXCHEM,⏳ WAIT,⚡ VCP + VDU,180.9,169.36,193.56,190.0,216.43,03-Oct-2025,107.42,30-Mar-2026,565.64,13-Oct-2021,212.7%
LLOYDSENT,LLOYDSENT,⏳ WAIT,Standard,73.48,72.58,78.62,80.0,84.7,10-Aug-2026,40.66,30-Mar-2026,96.07,04-Jul-2025,30.7%
LLOYDSME,LLOYDSME,⏳ WAIT,Standard,1837.7,1749.33,1966.34,1850.0,2125.0,10-Aug-2026,1042.28,02-Feb-2026,2125.0,10-Aug-2026,15.6%
LODHA,LODHA,⏳ WAIT,Standard,1060.8,1040.69,1135.06,1100.0,1340.24,29-Jul-2026,648.52,02-Apr-2026,1635.9,18-Jun-2024,54.2%
LUMAXTECH,LUMAXTECH,⏳ WAIT,Standard,1828.5,1745.96,1956.5,1850.0,2190.0,23-Sep-2026,1116.37,31-Oct-2025,2190.0,23-Sep-2026,19.8%
IXIGO,IXIGO,⏳ WAIT,Standard,150.83,148.5,161.39,160.0,339.15,16-Oct-2025,150.0,09-Oct-2026,339.15,16-Oct-2025,124.9%
LENSKART,LENSKART,⏳ WAIT,⚡ VCP + VDU,671.15,639.04,718.13,700.0,725.0,18-Sep-2026,356.1,10-Nov-2025,725.0,18-Sep-2026,8.0%
THELEELA,THELEELA,⏳ WAIT,⚡ VCP + VDU,587.65,516.93,628.79,600.0,607.25,07-Oct-2026,384.5,09-Dec-2025,607.25,07-Oct-2026,3.3%
LICI,LICI,⏳ WAIT,Standard,390.95,374.42,418.32,400.0,457.74,07-Nov-2025,352.49,02-Apr-2026,589.19,01-Aug-2024,50.7%
LLOYDSENGG,LLOYDSENGG,⏳ WAIT,⚡ VCP + VDU,95.34,88.17,102.01,100.0,104.2,30-Sep-2026,37.3,30-Mar-2026,104.2,30-Sep-2026,9.3%
MSTCLTD,MSTCLTD,⏳ WAIT,Standard,676.45,647.46,723.8,700.0,795.73,08-Sep-2026,357.98,30-Mar-2026,1044.19,31-Jan-2024,54.4%
LEMONTREE,LEMONTREE,⏳ WAIT,⚡ VCP + VDU,110.92,100.98,118.68,120.0,174.2,06-Oct-2025,99.61,16-Mar-2026,180.68,08-Sep-2025,62.9%
MMTC,MMTC,⏳ WAIT,Standard,54.95,53.41,58.8,60.0,78.35,17-Jun-2026,50.1,30-Mar-2026,131.8,26-Jul-2024,139.9%
LUPIN,LUPIN,⏳ WAIT,Standard,1961.1,1917.53,2098.38,2000.0,2523.7,21-Jul-2026,1886.32,28-Oct-2025,2523.7,21-Jul-2026,28.7%
LINDEINDIA,LINDEINDIA,⏳ WAIT,Standard,5985.0,5892.48,6403.95,6000.0,8035.37,07-May-2026,5663.4,18-Nov-2025,9885.09,22-May-2024,65.2%
MOIL,MOIL,⏳ WAIT,Standard,234.11,226.41,250.5,250.0,398.62,06-Oct-2025,228.7,08-Oct-2026,565.0,08-Jul-2024,141.3%
MRF,MRF,⏳ WAIT,Standard,122200.0,120651.3,130754.0,122200.0,163308.5,24-Oct-2025,121787.44,29-May-2026,163308.5,24-Oct-2025,33.6%
LT,LT,⏳ WAIT,Standard,3689.9,3570.93,3948.19,3700.0,4397.05,24-Feb-2026,3256.29,23-Mar-2026,4397.05,24-Feb-2026,19.2%
LTFOODS,LTFOODS,⏳ WAIT,Standard,407.85,385.21,436.4,450.0,489.54,24-Aug-2026,331.47,20-Jan-2026,513.76,17-Jul-2025,26.0%
NUVAMA,NUVAMA,⏳ WAIT,Standard,1733.1,1589.05,1854.42,1750.0,2066.0,24-Jul-2026,1086.51,23-Mar-2026,2066.0,24-Jul-2026,19.2%
LICHSGFIN,LICHSGFIN,⏳ WAIT,Standard,551.15,492.23,589.73,600.0,586.43,11-May-2026,449.87,23-Mar-2026,785.95,16-Jul-2024,42.6%
KEI,KEI,⏳ WAIT,Standard,4575.0,4379.96,4895.25,4600.0,5899.0,18-Aug-2026,3724.29,22-Jan-2026,5899.0,18-Aug-2026,28.9%
KARURVYSYA,KARURVYSYA,⏳ WAIT,Standard,340.75,308.29,364.6,350.0,358.65,26-Aug-2026,206.89,03-Oct-2025,358.65,26-Aug-2026,5.3%
KRBL,KRBL,⏳ WAIT,⚡ VCP + VDU,393.85,362.34,421.42,400.0,447.65,26-Aug-2026,271.52,20-Mar-2026,485.13,13-Aug-2025,23.2%
KPITTECH,KPITTECH,⏳ WAIT,Standard,476.15,465.4,509.48,500.0,1271.24,04-Dec-2025,470.1,08-Oct-2026,1890.41,12-Jul-2024,297.0%
KPIGREEN,KPIGREEN,⏳ WAIT,Standard,326.35,315.91,349.19,350.0,541.02,03-Nov-2025,271.56,16-Sep-2026,742.14,12-Aug-2024,127.4%
KSB,KSB,⏳ WAIT,Standard,775.3,763.78,829.57,800.0,1023.25,28-Apr-2026,663.37,27-Jan-2026,1049.03,15-Jul-2024,35.3%
KSCL,KSCL,⏳ WAIT,Standard,682.0,664.09,729.74,700.0,1095.9,18-Nov-2025,670.8,08-Oct-2026,1593.77,16-Apr-2025,133.7%
KIRLPNU,KIRLPNU,⏳ WAIT,Standard,665.2,650.43,711.76,700.0,1093.54,22-Jun-2026,491.29,09-Dec-2025,1093.54,22-Jun-2026,64.4%
KANSAINER,KANSAINER,⏳ WAIT,Standard,179.91,171.4,192.5,180.0,260.89,24-Dec-2025,156.05,23-Mar-2026,402.29,11-Oct-2021,123.6%
KAYNES,KAYNES,⏳ WAIT,Standard,3250.0,3168.1,3477.5,3250.0,7705.0,07-Oct-2025,2995.0,20-May-2026,7822.0,01-Jan-2025,140.7%
KEC,KEC,⏳ WAIT,Standard,352.2,344.52,376.85,400.0,882.72,14-Oct-2025,348.0,08-Oct-2026,1289.99,04-Dec-2024,266.3%
KFINTECH,KFINTECH,⏳ WAIT,Standard,851.15,807.54,910.73,900.0,1198.77,28-Oct-2025,774.46,18-May-2026,1608.65,30-Dec-2024,89.0%
KIRLOSBROS,KIRLOSBROS,⏳ WAIT,Standard,1674.5,1623.6,1791.72,1700.0,2180.91,22-Jun-2026,1329.94,30-Mar-2026,2657.4,08-Jul-2024,58.7%
KITEX,KITEX,⏳ WAIT,Standard,114.43,111.98,122.44,120.0,231.74,24-Oct-2025,113.11,09-Oct-2026,322.21,23-May-2025,181.6%
KIRLOSENG,KIRLOSENG,⏳ WAIT,⚡ VCP + VDU,2170.0,2065.44,2321.9,2200.0,2714.26,23-Jun-2026,862.21,14-Oct-2025,2714.26,23-Jun-2026,25.1%
KOTAKBANK,KOTAKBANK,⏳ WAIT,Standard,442.4,390.75,473.37,450.0,452.42,20-Oct-2025,344.9,02-Apr-2026,459.06,22-Apr-2025,3.8%
KIMS,KIMS,⏳ WAIT,Standard,704.2,675.68,753.49,750.0,858.0,06-Jul-2026,575.8,27-Jan-2026,858.0,06-Jul-2026,21.8%
LTF,LTF,⏳ WAIT,Standard,260.75,252.5,279.0,300.0,338.6,07-Jul-2026,232.51,02-Apr-2026,338.6,07-Jul-2026,29.9%
LTTS,LTTS,⏳ WAIT,Standard,3216.1,3021.28,3441.23,3250.0,4673.3,04-Dec-2025,2976.44,13-Mar-2026,5836.77,29-Aug-2024,81.5%
MTARTECH,MTARTECH,⏳ WAIT,⚡ VCP + VDU,7750.0,6682.5,8292.5,7750.0,8714.0,19-Jun-2026,1835.0,01-Oct-2025,8714.0,19-Jun-2026,12.4%
MGL,MGL,⏳ WAIT,Standard,1046.6,1013.96,1119.86,1050.0,1300.44,08-Oct-2025,885.65,23-Mar-2026,1893.32,25-Sep-2024,80.9%
MAHSCOOTER,MAHSCOOTER,⏳ WAIT,Standard,12134.0,11831.49,12983.38,12150.0,17441.42,20-Oct-2025,10721.76,02-Apr-2026,18069.11,15-Sep-2025,48.9%
M&MFIN,M&MFIN,⏳ WAIT,Standard,318.75,306.11,341.06,350.0,415.0,10-Aug-2026,263.57,03-Oct-2025,415.0,10-Aug-2026,30.2%
MPHASIS,MPHASIS,⏳ WAIT,Standard,2342.0,2123.35,2505.94,2350.0,2897.32,03-Feb-2026,1960.44,30-Mar-2026,3262.43,19-Oct-2021,39.3%
MUTHOOTFIN,MUTHOOTFIN,⏳ WAIT,Standard,2619.5,2534.0,2802.86,2650.0,4114.71,29-Jan-2026,2559.6,08-Oct-2026,4114.71,29-Jan-2026,57.1%
NATCOPHARM,NATCOPHARM,⏳ WAIT,Standard,798.55,779.58,854.45,800.0,1224.74,12-May-2026,787.45,09-Oct-2026,1622.31,12-Sep-2024,103.2%
NBCC,NBCC,⏳ WAIT,Standard,74.59,73.16,79.81,80.0,124.83,29-Dec-2025,73.9,08-Oct-2026,136.61,28-Aug-2024,83.1%
NCC,NCC,⏳ WAIT,Standard,123.53,117.82,132.18,130.0,213.95,03-Nov-2025,119.01,08-Oct-2026,352.97,31-Jul-2024,185.7%
NHPC,NHPC,⏳ WAIT,Standard,72.31,69.55,77.37,80.0,86.59,29-Apr-2026,70.25,01-Oct-2026,112.53,15-Jul-2024,55.6%
NEOGEN,NEOGEN,⏳ WAIT,⚡ VCP + VDU,2442.0,2273.73,2612.94,2450.0,2499.7,21-Sep-2026,966.23,10-Dec-2025,2499.7,21-Sep-2026,2.4%
NATIONALUM,NATIONALUM,⏳ WAIT,Standard,316.8,306.8,338.98,350.0,443.37,02-Jun-2026,207.13,03-Oct-2025,443.37,02-Jun-2026,40.0%
NESCO,NESCO,⏳ WAIT,Standard,1029.3,1007.42,1101.35,1050.0,1413.7,08-Oct-2025,989.63,30-Mar-2026,1628.41,11-Sep-2025,58.2%
NLCINDIA,NLCINDIA,⏳ WAIT,Standard,243.35,237.1,260.38,250.0,387.44,14-May-2026,226.56,08-Dec-2025,387.44,14-May-2026,59.2%
NMDC,NMDC,⏳ WAIT,Standard,71.78,69.4,76.8,80.0,96.18,03-Jun-2026,69.17,25-Nov-2025,96.18,03-Jun-2026,34.0%
NSLNISP,NSLNISP,⏳ WAIT,Standard,39.4,38.47,42.16,40.0,53.75,02-Jun-2026,33.01,30-Mar-2026,73.7,05-Feb-2024,87.1%
RAIN,RAIN,⏳ WAIT,⚡ VCP + VDU,214.89,202.71,229.93,250.0,250.82,07-Aug-2026,99.43,09-Dec-2025,250.82,07-Aug-2026,16.7%
NETWEB,NETWEB,⏳ WAIT,Standard,4726.5,4408.47,5057.36,4750.0,5813.0,24-Aug-2026,2918.18,05-Dec-2025,5813.0,24-Aug-2026,23.0%
NFL,NFL,⏳ WAIT,Standard,61.8,60.54,66.13,70.0,96.83,16-Oct-2025,61.15,08-Oct-2026,164.41,23-Jul-2024,166.0%
NTPC,NTPC,⏳ WAIT,Standard,312.75,305.37,334.64,350.0,409.97,27-Apr-2026,308.45,08-Oct-2026,426.28,30-Sep-2024,36.3%
NH,NH,⏳ WAIT,Standard,1723.7,1676.07,1844.36,1750.0,2092.9,29-Jul-2026,1585.49,02-Apr-2026,2359.4,27-Jun-2025,36.9%
NEULANDLAB,NEULANDLAB,⏳ WAIT,Standard,21015.0,20507.85,22486.05,21050.0,24225.0,09-Sep-2026,11478.79,23-Mar-2026,24225.0,09-Sep-2026,15.3%
NAM-INDIA,NAM-INDIA,⏳ WAIT,Standard,1044.3,1016.14,1117.4,1050.0,1269.5,24-Aug-2026,787.21,27-Jan-2026,1269.5,24-Aug-2026,21.6%
BECTORFOOD,BECTORFOOD,⏳ WAIT,Standard,205.57,202.47,219.96,250.0,278.34,12-Dec-2025,164.53,15-Jul-2026,435.65,20-Sep-2024,111.9%
MCX,MCX,⏳ WAIT,⚡ VCP + VDU,3318.3,3118.5,3550.58,3350.0,3481.4,25-Sep-2026,1592.1,03-Oct-2025,3481.4,25-Sep-2026,4.9%
METROPOLIS,METROPOLIS,⏳ WAIT,Standard,525.0,510.84,561.75,550.0,609.05,30-Jul-2026,411.44,02-Apr-2026,880.34,30-Dec-2021,67.7%
MARUTI,MARUTI,⏳ WAIT,Standard,11423.0,11112.75,12222.61,11450.0,17197.29,05-Jan-2026,11225.0,08-Oct-2026,17197.29,05-Jan-2026,50.5%
MARKSANS,MARKSANS,⏳ WAIT,Standard,310.5,301.41,332.24,350.0,350.95,24-Sep-2026,154.57,30-Mar-2026,356.45,02-Dec-2024,14.8%
MAHSEAMLES,MAHSEAMLES,⏳ WAIT,Standard,620.55,613.8,663.99,650.0,768.0,30-Sep-2026,493.15,27-Jan-2026,1046.68,30-Jan-2024,68.7%
M&M,M&M,⏳ WAIT,Standard,2808.0,2716.86,3004.56,2850.0,3799.99,05-Jan-2026,2744.3,08-Oct-2026,3799.99,05-Jan-2026,35.3%
MANAPPURAM,MANAPPURAM,⏳ WAIT,Standard,309.1,300.32,330.74,350.0,380.46,30-Jul-2026,244.06,23-Mar-2026,380.46,30-Jul-2026,23.1%
MRPL,MRPL,⏳ WAIT,⚡ VCP + VDU,171.57,159.88,183.58,180.0,212.0,17-Mar-2026,129.42,03-Oct-2025,280.47,19-Feb-2024,63.5%
MANKIND,MANKIND,⏳ WAIT,Standard,2365.5,2318.58,2531.08,2400.0,2642.0,29-Jul-2026,1909.7,23-Mar-2026,3053.6,23-Dec-2024,29.1%
MANORAMA,MANORAMA,⏳ WAIT,⚡ VCP + VDU,2020.1,1805.76,2161.51,2050.0,2148.68,08-Sep-2026,1060.19,22-Jan-2026,2148.68,08-Sep-2026,6.4%
MARICO,MARICO,⏳ WAIT,Standard,789.0,758.59,844.23,800.0,889.1,30-Jul-2026,688.15,01-Oct-2025,889.1,30-Jul-2026,12.7%
MINDACORP,MINDACORP,⏳ WAIT,Standard,640.8,622.71,685.66,650.0,769.0,14-Aug-2026,467.97,12-Mar-2026,769.0,14-Aug-2026,20.0%
MSUMI,MSUMI,⏳ WAIT,Standard,33.38,32.37,35.72,40.0,52.82,06-Jan-2026,32.7,05-Oct-2026,52.82,06-Jan-2026,58.2%
MASTEK,MASTEK,⏳ WAIT,⚡ VCP + VDU,1691.9,1499.45,1810.33,1700.0,2339.8,17-Nov-2025,1322.97,30-Mar-2026,3500.75,19-Oct-2021,106.9%
MFSL,MFSL,⏳ WAIT,Standard,1322.5,1287.99,1415.08,1350.0,1892.5,23-Feb-2026,1301.0,09-Oct-2026,1892.5,23-Feb-2026,43.1%
MOTILALOFS,MOTILALOFS,⏳ WAIT,Standard,1022.0,955.4,1093.54,1050.0,1090.25,07-Oct-2026,614.9,23-Mar-2026,1267.92,20-Dec-2023,24.1%
MAXHEALTH,MAXHEALTH,⏳ WAIT,Standard,895.15,861.3,957.81,900.0,1219.73,23-Oct-2025,870.0,08-Oct-2026,1311.97,04-Jul-2025,46.6%
MAZDOCK,MAZDOCK,⏳ WAIT,Standard,2018.5,1967.82,2159.8,2050.0,2908.97,10-Oct-2025,1987.7,09-Oct-2026,3744.89,29-May-2025,85.5%
MEDPLUS,MEDPLUS,⏳ WAIT,Standard,623.55,612.91,667.2,650.0,1022.2,21-May-2026,619.1,09-Oct-2026,1343.0,20-Jan-2022,115.4%
MEESHO,MEESHO,⏳ WAIT,⚡ VCP + VDU,231.36,209.65,247.56,250.0,254.4,18-Dec-2025,125.56,16-Mar-2026,254.4,18-Dec-2025,10.0%
MIDHANI,MIDHANI,⏳ WAIT,⚡ VCP + VDU,442.25,393.57,473.21,450.0,480.95,08-Sep-2026,265.85,30-Mar-2026,540.95,05-Feb-2024,22.3%
RALLIS,RALLIS,⏳ WAIT,Standard,197.16,191.47,210.96,200.0,311.02,06-Oct-2025,193.4,09-Oct-2026,381.02,30-Jul-2025,93.3%
RELIANCE,RELIANCE,⏳ WAIT,Standard,1172.1,1148.6,1254.15,1200.0,1604.38,05-Jan-2026,1160.2,09-Oct-2026,1604.38,05-Jan-2026,36.9%
RAINBOW,RAINBOW,⏳ WAIT,Standard,1238.8,1186.02,1325.52,1250.0,1610.0,05-Aug-2026,1081.46,23-Mar-2026,1702.2,26-Nov-2024,37.4%
TITAGARH,TITAGARH,⏳ WAIT,Standard,780.7,762.5,835.35,800.0,969.84,18-Jun-2026,568.02,30-Mar-2026,1891.4,27-Jun-2024,142.3%
TORNTPHARM,TORNTPHARM,⏳ WAIT,Standard,4633.5,4544.1,4957.84,4650.0,5250.0,03-Aug-2026,3450.04,14-Oct-2025,5250.0,03-Aug-2026,13.3%
TENNIND,TENNIND,⏳ WAIT,Standard,473.05,460.35,506.16,500.0,657.0,06-May-2026,438.05,18-Dec-2025,657.0,06-May-2026,38.9%
THOMASCOOK,THOMASCOOK,⏳ WAIT,Standard,98.48,96.73,105.37,100.0,168.24,21-Oct-2025,85.96,17-Mar-2026,261.3,30-Jul-2024,165.3%
RAMCOCEM,RAMCOCEM,⏳ WAIT,Standard,814.05,804.47,871.03,850.0,1211.19,09-Feb-2026,812.6,09-Oct-2026,1211.19,09-Feb-2026,48.8%
ANUP,ANUP,⏳ WAIT,Standard,1494.0,1465.4,1598.58,1500.0,2507.72,06-Oct-2025,1413.13,09-Mar-2026,3809.62,12-Dec-2024,155.0%
THERMAX,THERMAX,⏳ WAIT,Standard,3246.5,3093.85,3473.76,3250.0,5256.33,29-Jun-2026,2731.54,08-Dec-2025,5792.82,08-Jul-2024,78.4%
TIMETECHNO,TIMETECHNO,⏳ WAIT,Standard,178.33,174.54,190.81,180.0,225.61,20-Oct-2025,152.72,23-Mar-2026,253.31,13-Dec-2024,42.0%
TIMKEN,TIMKEN,⏳ WAIT,Standard,2980.1,2923.47,3188.71,3000.0,3921.83,22-Jun-2026,2798.24,28-Nov-2025,4761.75,18-Jun-2024,59.8%
TORNTPOWER,TORNTPOWER,⏳ WAIT,Standard,1193.6,1179.39,1277.15,1200.0,1817.8,27-Apr-2026,1171.76,06-Oct-2025,1980.17,22-Oct-2024,65.9%
TARIL,TARIL,⏳ WAIT,Standard,281.35,263.93,301.04,300.0,500.75,06-Oct-2025,223.85,02-Feb-2026,648.04,08-Jan-2025,130.3%
TRANSRAILL,TRANSRAILL,⏳ WAIT,⚡ VCP + VDU,465.65,432.93,498.25,500.0,758.59,08-Oct-2025,400.65,16-Sep-2026,845.77,13-Aug-2025,81.6%
TRIVENI,TRIVENI,⏳ WAIT,Standard,238.14,226.32,254.81,250.0,487.94,14-Jul-2026,219.08,31-Jul-2026,527.72,30-Dec-2024,121.6%
TRENT,TRENT,⏳ WAIT,⚡ VCP + VDU,2916.0,2520.34,3120.12,2950.0,4900.76,06-Oct-2025,2180.44,30-Mar-2026,8327.88,14-Oct-2024,185.6%
TRAVELFOOD,TRAVELFOOD,⏳ WAIT,Standard,1180.0,1149.88,1262.6,1200.0,1459.26,07-Aug-2026,1027.11,27-Jan-2026,1459.26,07-Aug-2026,23.7%
UJJIVANSFB,UJJIVANSFB,⏳ WAIT,Standard,61.5,60.85,65.81,70.0,73.94,20-Aug-2026,47.31,14-Oct-2025,73.94,20-Aug-2026,20.2%
TRIDENT,TRIDENT,⏳ WAIT,Standard,21.89,21.38,23.42,30.0,30.31,03-Feb-2026,21.53,17-Mar-2026,65.86,18-Jan-2022,200.9%
UNIONBANK,UNIONBANK,⏳ WAIT,Standard,171.95,163.16,183.99,180.0,199.6,27-Feb-2026,131.41,03-Oct-2025,199.6,27-Feb-2026,16.1%
TRITURBINE,TRITURBINE,⏳ WAIT,Standard,508.55,498.81,544.15,550.0,784.88,29-May-2026,426.87,23-Mar-2026,871.58,26-Nov-2024,71.4%
TIINDIA,TIINDIA,⏳ WAIT,Standard,2236.5,2200.77,2393.06,2250.0,3333.38,24-Jun-2026,2161.89,27-Jan-2026,4798.42,23-Oct-2024,114.6%
TITAN,TITAN,⏳ WAIT,Standard,4385.1,4292.24,4692.06,4400.0,5186.7,27-Aug-2026,3366.95,03-Oct-2025,5186.7,27-Aug-2026,18.3%
TIPSMUSIC,TIPSMUSIC,⏳ WAIT,Standard,628.35,609.89,672.33,650.0,741.0,20-Jul-2026,478.57,10-Nov-2025,923.02,06-Nov-2024,46.9%
RCF,RCF,⏳ WAIT,Standard,104.49,102.07,111.8,110.0,154.1,18-Nov-2025,103.1,08-Oct-2026,236.42,23-Jul-2024,126.3%
THYROCARE,THYROCARE,⏳ WAIT,Standard,499.55,485.99,534.52,500.0,662.0,12-Aug-2026,338.15,23-Mar-2026,662.0,12-Aug-2026,32.5%
TATACAP,TATACAP,⏳ WAIT,Standard,316.5,308.38,338.66,350.0,390.2,06-Aug-2026,295.51,02-Jun-2026,390.2,06-Aug-2026,23.3%
TVSMOTOR,TVSMOTOR,⏳ WAIT,Standard,3867.7,3704.48,4138.44,3900.0,4484.5,26-Aug-2026,3228.0,19-May-2026,4484.5,26-Aug-2026,15.9%
TATACOMM,TATACOMM,⏳ WAIT,Standard,1629.5,1601.32,1743.56,1650.0,2110.0,22-Jun-2026,1310.58,02-Apr-2026,2123.7,03-Oct-2024,30.3%
TCS,TCS,⏳ WAIT,Standard,2166.2,2012.08,2317.83,2200.0,3287.16,03-Feb-2026,1966.02,01-Jul-2026,4266.48,30-Aug-2024,97.0%
TATATECH,TATATECH,⏳ WAIT,Standard,720.6,676.86,771.04,750.0,891.0,11-Aug-2026,499.73,30-Mar-2026,1344.53,30-Nov-2023,86.6%
TATACONSUM,TATACONSUM,⏳ WAIT,Standard,951.7,935.55,1018.32,1000.0,1271.94,12-May-2026,945.0,01-Oct-2026,1271.94,12-May-2026,33.6%
TATAELXSI,TATAELXSI,⏳ WAIT,Standard,3085.7,2966.04,3301.7,3100.0,5845.18,08-Jan-2026,2996.0,08-Oct-2026,10270.78,17-Aug-2022,232.9%
TATAINVEST,TATAINVEST,⏳ WAIT,Standard,597.95,591.03,639.81,600.0,1178.62,03-Oct-2025,536.09,30-Mar-2026,1178.62,03-Oct-2025,97.1%
TEJASNET,TEJASNET,⏳ WAIT,Standard,448.35,441.24,479.73,450.0,644.75,19-Jun-2026,294.0,27-Jan-2026,1489.65,27-Jun-2024,232.3%
TMPV,TMPV,⏳ WAIT,Standard,278.85,269.48,298.37,300.0,733.61,03-Oct-2025,272.2,29-Sep-2026,1159.33,30-Jul-2024,315.8%
TEXRAIL,TEXRAIL,⏳ WAIT,Standard,107.67,104.0,115.21,110.0,142.19,08-Oct-2025,77.55,30-Mar-2026,292.43,12-Jul-2024,171.6%
THANGAMAYL,THANGAMAYL,⏳ WAIT,Standard,4883.0,4619.34,5224.81,4900.0,7430.0,28-Jul-2026,1934.09,23-Oct-2025,7430.0,28-Jul-2026,52.2%
TATASTEEL,TATASTEEL,⏳ WAIT,Standard,173.1,168.53,185.22,180.0,219.87,15-May-2026,156.83,09-Dec-2025,219.87,15-May-2026,27.0%
TECHM,TECHM,⏳ WAIT,Standard,1517.7,1471.34,1623.94,1550.0,1807.04,03-Feb-2026,1271.07,09-Mar-2026,1807.04,03-Feb-2026,19.1%
NIACL,NIACL,⏳ WAIT,Standard,161.87,153.99,173.2,170.0,242.6,07-Sep-2026,116.01,30-Mar-2026,316.66,09-Feb-2024,95.6%
TTML,TTML,⏳ WAIT,Standard,32.83,32.32,35.13,40.0,60.08,07-Oct-2025,31.22,30-Mar-2026,290.15,11-Jan-2022,783.8%
TATAPOWER,TATAPOWER,⏳ WAIT,Standard,340.55,330.26,364.39,350.0,462.04,28-Apr-2026,333.6,09-Oct-2026,488.93,27-Sep-2024,43.6%
TECHNOE,TECHNOE,⏳ WAIT,Standard,955.6,929.21,1022.49,1000.0,1379.65,13-Oct-2025,863.77,27-Jan-2026,1797.84,15-Oct-2024,88.1%
TI,TI,⏳ WAIT,Standard,536.65,524.16,574.22,550.0,607.8,23-Sep-2026,380.82,23-Jan-2026,607.8,23-Sep-2026,13.3%
UCOBANK,UCOBANK,⏳ WAIT,Standard,23.19,22.58,24.81,30.0,33.64,31-Oct-2025,21.86,30-Mar-2026,68.23,08-Feb-2024,194.2%
UPL,UPL,⏳ WAIT,Standard,489.2,471.69,523.44,500.0,804.41,02-Jan-2026,476.45,08-Oct-2026,807.14,04-May-2022,65.0%
USHAMART,USHAMART,⏳ WAIT,Standard,499.4,476.19,534.36,500.0,542.6,21-Sep-2026,377.17,23-Mar-2026,542.6,21-Sep-2026,8.7%
UNOMINDA,UNOMINDA,⏳ WAIT,Standard,1109.2,1074.15,1186.84,1150.0,1378.85,07-Oct-2025,992.46,16-Mar-2026,1378.85,07-Oct-2025,24.3%
VIKRAMSOLR,VIKRAMSOLR,⏳ WAIT,Standard,142.0,139.59,151.94,150.0,354.4,17-Oct-2025,141.0,09-Oct-2026,407.95,10-Sep-2025,187.3%
VBL,VBL,⏳ WAIT,⚡ VCP + VDU,439.0,411.2,469.73,450.0,555.18,17-Jun-2026,379.74,23-Mar-2026,676.37,29-Jul-2024,54.1%
VMM,VMM,⏳ WAIT,Standard,97.24,95.63,104.05,100.0,152.18,06-Oct-2025,96.6,09-Oct-2026,157.6,26-Aug-2025,62.1%
VOLTAS,VOLTAS,⏳ WAIT,Standard,1035.2,1013.86,1107.66,1050.0,1577.54,27-Feb-2026,1024.1,08-Oct-2026,1928.05,20-Sep-2024,86.2%
WAAREERTL,WAAREERTL,⏳ WAIT,Standard,802.7,790.02,858.89,850.0,1358.0,27-Oct-2025,779.5,30-Mar-2026,1358.0,27-Oct-2025,69.2%
WAAREEENER,WAAREEENER,⏳ WAIT,Standard,2323.0,2258.98,2485.61,2350.0,3713.8,17-Oct-2025,2281.8,09-Oct-2026,3859.8,12-Sep-2025,66.2%
WOCKPHARMA,WOCKPHARMA,⏳ WAIT,Standard,2009.9,1975.64,2150.59,2050.0,2422.3,01-Jun-2026,1086.7,23-Mar-2026,2422.3,01-Jun-2026,20.5%
WELCORP,WELCORP,⏳ WAIT,⚡ VCP + VDU,2629.0,2425.5,2813.03,2650.0,2900.0,29-Sep-2026,707.65,02-Feb-2026,2900.0,29-Sep-2026,10.3%
WAKEFIT,WAKEFIT,⏳ WAIT,Standard,130.25,127.42,139.37,140.0,224.0,12-Feb-2026,111.4,08-Jun-2026,224.0,12-Feb-2026,72.0%
WIPRO,WIPRO,⏳ WAIT,Standard,162.42,155.22,173.79,170.0,263.22,22-Dec-2025,156.79,29-Sep-2026,337.91,14-Oct-2021,108.0%
YATHARTH,YATHARTH,⏳ WAIT,⚡ VCP + VDU,1036.5,985.05,1109.06,1050.0,1184.0,18-Sep-2026,537.93,27-Jan-2026,1184.0,18-Sep-2026,14.2%
ZYDUSWELL,ZYDUSWELL,⏳ WAIT,Standard,494.85,477.18,529.49,500.0,611.85,20-Jul-2026,366.82,02-Mar-2026,611.85,20-Jul-2026,23.6%
ZYDUSLIFE,ZYDUSLIFE,⏳ WAIT,Standard,1121.2,1094.35,1199.68,1150.0,1232.1,29-Sep-2026,834.75,02-Apr-2026,1308.13,09-Aug-2024,16.7%
ECLERX,ECLERX,⏳ WAIT,Standard,1847.0,1744.38,1976.29,1850.0,2496.12,03-Feb-2026,1319.27,30-Jun-2026,2496.12,03-Feb-2026,35.1%
YESBANK,YESBANK,⏳ WAIT,Standard,20.59,20.15,22.03,30.0,25.78,18-Jun-2026,17.2,30-Mar-2026,32.85,09-Feb-2024,59.5%
ZFCVINDIA,ZFCVINDIA,⏳ WAIT,Standard,2090.2,2062.17,2236.51,2100.0,3038.73,24-Jun-2026,2046.79,06-Nov-2025,3038.73,24-Jun-2026,45.4%
ZAGGLE,ZAGGLE,⏳ WAIT,Standard,167.01,164.67,178.7,170.0,405.4,17-Nov-2025,154.36,18-Aug-2026,591.9,11-Dec-2024,254.4%
ZEEL,ZEEL,⏳ WAIT,Standard,69.44,67.42,74.3,70.0,115.59,23-Jun-2026,66.41,23-Mar-2026,355.49,15-Dec-2021,411.9%
ZENTEC,ZENTEC,⏳ WAIT,Standard,1526.0,1464.41,1632.82,1550.0,2042.63,19-Aug-2026,1222.36,14-Jan-2026,2621.93,24-Dec-2024,71.8%
WEBELSOLAR,WEBELSOLAR,⏳ WAIT,Standard,66.31,64.66,70.95,70.0,137.45,13-Nov-2025,50.23,09-Mar-2026,185.89,08-Jan-2025,180.3%
WEWORK,WEWORK,⏳ WAIT,Standard,665.75,628.55,712.35,700.0,794.5,06-Aug-2026,420.0,30-Mar-2026,794.5,06-Aug-2026,19.3%
VEDL,VEDL,⏳ WAIT,Standard,261.3,244.78,279.59,300.0,795.0,21-Apr-2026,247.25,01-Oct-2026,795.0,21-Apr-2026,204.2%
MANYAVAR,MANYAVAR,⏳ WAIT,Standard,495.05,478.96,529.7,500.0,694.96,10-Oct-2025,324.51,16-Mar-2026,1474.74,02-Dec-2024,197.9%
ULTRACEMCO,ULTRACEMCO,⏳ WAIT,Standard,10605.0,10321.74,11347.35,10650.0,12847.76,10-Feb-2026,10118.47,23-Mar-2026,12847.76,10-Feb-2026,21.1%
UTIAMC,UTIAMC,⏳ WAIT,Standard,878.0,859.37,939.46,900.0,1354.18,17-Oct-2025,861.62,23-Mar-2026,1389.72,22-Jul-2025,58.3%
UBL,UBL,⏳ WAIT,Standard,1178.0,1128.9,1260.46,1200.0,1830.97,29-Oct-2025,1140.3,01-Oct-2026,2271.75,03-Feb-2025,92.8%
WABAG,WABAG,⏳ WAIT,Standard,1931.6,1905.85,2066.81,1950.0,2319.0,11-Sep-2026,1030.49,27-Jan-2026,2319.0,11-Sep-2026,20.1%
UNITDSPR,UNITDSPR,⏳ WAIT,Standard,1340.1,1303.34,1433.91,1350.0,1563.4,21-Aug-2026,1201.55,07-Apr-2026,1664.74,03-Jan-2025,24.2%
VTL,VTL,⏳ WAIT,Standard,526.7,511.38,563.57,550.0,682.21,06-Jul-2026,382.26,14-Oct-2025,682.21,06-Jul-2026,29.5%
VARROC,VARROC,⏳ WAIT,Standard,801.15,776.8,857.23,850.0,912.2,22-Sep-2026,461.06,30-Mar-2026,912.2,22-Sep-2026,13.9%
VGUARD,VGUARD,⏳ WAIT,Standard,289.65,285.27,309.93,300.0,382.18,29-Oct-2025,287.43,24-Jul-2026,572.5,14-Aug-2024,97.7%
URBANCO,URBANCO,⏳ WAIT,⚡ VCP + VDU,160.65,149.8,171.9,170.0,183.97,04-Sep-2026,100.7,04-Mar-2026,201.18,22-Sep-2025,25.2%
VAIBHAVGBL,VAIBHAVGBL,⏳ WAIT,Standard,200.0,194.91,214.0,200.0,286.08,30-Oct-2025,171.95,30-Mar-2026,694.76,11-Oct-2021,247.4%
VMART,VMART,⏳ WAIT,⚡ VCP + VDU,816.1,729.23,873.23,850.0,886.81,14-Oct-2025,457.29,30-Mar-2026,1210.28,11-Nov-2021,48.3%
VIJAYA,VIJAYA,⏳ WAIT,Standard,1440.4,1385.21,1541.23,1450.0,1593.6,23-Sep-2026,846.83,30-Mar-2026,1593.6,23-Sep-2026,10.6%
DBREALTY,DBREALTY,⏳ WAIT,Standard,84.81,82.61,90.75,90.0,164.6,03-Oct-2025,83.44,09-Oct-2026,284.9,07-Mar-2024,235.9%
VIYASH,VIYASH,⏳ WAIT,Standard,234.64,223.98,251.06,250.0,298.0,06-Jul-2026,178.13,23-Mar-2026,298.0,06-Jul-2026,27.0%
V2RETAIL,V2RETAIL,⏳ WAIT,Standard,154.2,149.49,164.99,160.0,259.25,04-Jun-2026,151.0,09-Oct-2026,259.25,04-Jun-2026,68.1%
IDEA,IDEA,⏳ WAIT,Standard,12.93,12.38,13.84,20.0,15.79,09-Sep-2026,8.13,02-Apr-2026,19.18,28-Jun-2024,48.3%
VOLTAMP,VOLTAMP,⏳ WAIT,Standard,10310.0,10059.39,11031.7,10350.0,12724.75,04-May-2026,6594.35,27-Jan-2026,14487.51,28-Aug-2024,40.5%
VIPIND,VIPIND,⏳ WAIT,Standard,268.65,264.82,287.46,300.0,447.3,17-Oct-2025,267.5,09-Oct-2026,766.88,31-Mar-2022,185.5%
TMCV,TMCV,⏳ WAIT,Standard,416.25,400.06,445.39,450.0,503.32,27-Feb-2026,302.88,14-Nov-2025,503.32,27-Feb-2026,20.9%
TATACHEM,TATACHEM,⏳ WAIT,Standard,600.1,584.89,642.11,650.0,930.2,14-Oct-2025,571.51,30-Mar-2026,1295.63,07-Mar-2024,115.9%
TSFINV,TSFINV,⏳ WAIT,Standard,400.25,392.14,428.27,450.0,684.57,14-Oct-2025,328.5,30-Mar-2026,684.57,14-Oct-2025,71.0%
SENCO,SENCO,⏳ WAIT,Standard,329.35,307.05,352.4,350.0,428.76,27-Jul-2026,275.2,30-Mar-2026,765.99,07-Oct-2024,132.6%
SRF,SRF,⏳ WAIT,Standard,2501.3,2393.72,2676.39,2550.0,3198.01,17-Oct-2025,2350.53,06-Apr-2026,3308.24,10-Jul-2025,32.3%
MOTHERSON,MOTHERSON,⏳ WAIT,Standard,152.92,149.87,163.62,160.0,173.27,19-Aug-2026,100.52,09-Oct-2025,173.27,19-Aug-2026,13.3%
SAATVIKGL,SAATVIKGL,⏳ WAIT,Standard,391.2,385.95,418.58,400.0,567.0,10-Oct-2025,328.0,09-Mar-2026,567.0,10-Oct-2025,44.9%
SANSERA,SANSERA,⏳ WAIT,Standard,4130.9,3960.0,4420.06,4150.0,4743.5,23-Sep-2026,1381.31,14-Oct-2025,4743.5,23-Sep-2026,14.8%
SAPPHIRE,SAPPHIRE,⏳ WAIT,Standard,204.55,200.97,218.87,250.0,310.5,30-Oct-2025,139.91,02-Apr-2026,401.0,24-Sep-2024,96.0%
SAFARI,SAFARI,⏳ WAIT,Standard,1289.4,1273.93,1379.66,1300.0,2504.02,26-Nov-2025,1286.8,09-Oct-2026,2737.04,11-Dec-2024,112.3%
SAREGAMA,SAREGAMA,⏳ WAIT,Standard,487.55,468.27,521.68,500.0,574.5,05-Aug-2026,307.05,09-Mar-2026,675.59,01-Oct-2024,38.6%
SAMHI,SAMHI,⏳ WAIT,Standard,142.36,139.5,152.33,150.0,217.3,29-Oct-2025,127.0,30-Mar-2026,254.5,22-Jul-2025,78.8%
SAGILITY,SAGILITY,⏳ WAIT,Standard,44.36,41.69,47.47,50.0,57.7,30-Oct-2025,35.75,23-Mar-2026,57.7,30-Oct-2025,30.1%
SCHNEIDER,SCHNEIDER,⏳ WAIT,Standard,1182.7,1143.35,1265.49,1200.0,1548.0,08-Jul-2026,571.85,21-Jan-2026,1548.0,08-Jul-2026,30.9%
STYL,STYL,⏳ WAIT,Standard,348.5,344.72,372.9,350.0,431.97,13-Oct-2025,207.8,30-Mar-2026,434.7,30-Sep-2025,24.7%
SHAILY,SHAILY,⏳ WAIT,Standard,3015.0,2943.07,3226.05,3050.0,3611.99,11-Aug-2026,1769.33,15-Apr-2026,3611.99,11-Aug-2026,19.8%
SANDUMA,SANDUMA,⏳ WAIT,Standard,175.89,173.25,188.2,180.0,272.33,05-Jan-2026,166.49,03-Oct-2025,272.33,05-Jan-2026,54.8%
SHAREINDIA,SHAREINDIA,⏳ WAIT,Standard,186.67,181.52,199.74,190.0,233.35,18-Sep-2026,114.69,30-Mar-2026,397.79,22-Feb-2024,113.1%
SFL,SFL,⏳ WAIT,Standard,598.95,590.44,640.88,600.0,832.45,04-Aug-2026,456.18,30-Mar-2026,2024.76,13-Apr-2022,238.1%
SANOFICONR,SANOFICONR,⏳ WAIT,Standard,3556.6,3514.5,3805.56,3600.0,5175.36,14-May-2026,3550.0,09-Oct-2026,5805.16,30-Jun-2025,63.2%
SAMMAANCAP,SAMMAANCAP,⏳ WAIT,Standard,126.98,124.4,135.87,130.0,192.95,03-Nov-2025,125.66,09-Oct-2026,243.95,16-Dec-2021,92.1%
SCI,SCI,⏳ WAIT,Standard,278.65,258.54,298.16,300.0,367.5,11-May-2026,192.35,27-Jan-2026,367.5,11-May-2026,31.9%
SARDAEN,SARDAEN,⏳ WAIT,Standard,486.8,480.25,520.88,500.0,621.62,28-Apr-2026,451.37,21-Jan-2026,637.3,16-Sep-2025,30.9%
LOTUSDEV,LOTUSDEV,⏳ WAIT,⚡ VCP + VDU,236.38,200.13,252.93,250.0,248.1,06-Oct-2026,101.82,30-Mar-2026,248.1,06-Oct-2026,5.0%
SJVN,SJVN,⏳ WAIT,Standard,54.48,53.12,58.29,60.0,90.27,03-Oct-2025,53.66,09-Oct-2026,162.08,05-Feb-2024,197.5%
SBILIFE,SBILIFE,⏳ WAIT,Standard,1699.8,1641.52,1818.79,1700.0,2129.04,23-Feb-2026,1652.9,15-Sep-2026,2129.04,23-Feb-2026,25.3%
RELAXO,RELAXO,⏳ WAIT,Standard,283.2,277.7,303.02,300.0,449.68,08-Oct-2025,233.86,30-Mar-2026,1410.19,04-Nov-2021,397.9%
REFEX,REFEX,⏳ WAIT,Standard,256.5,248.89,274.46,300.0,381.18,07-Oct-2025,187.4,23-Mar-2026,597.3,30-Sep-2024,132.9%
RATNAMANI,RATNAMANI,⏳ WAIT,Standard,2474.2,2424.02,2647.39,2500.0,3330.26,11-May-2026,1927.97,11-Feb-2026,3937.87,13-Sep-2024,59.2%
RTNPOWER,RTNPOWER,⏳ WAIT,Standard,6.47,6.29,6.92,10.0,11.94,10-Oct-2025,6.35,09-Oct-2026,21.1,04-Jun-2024,226.1%
RTNINDIA,RTNINDIA,⏳ WAIT,Standard,25.02,24.3,26.77,30.0,54.5,06-Oct-2025,24.4,09-Mar-2026,94.85,08-Feb-2024,279.1%
RBA,RBA,⏳ WAIT,Standard,90.74,88.6,97.09,100.0,111.15,24-Aug-2026,57.15,30-Mar-2026,171.9,19-Oct-2021,89.4%
RAYMONDLSL,RAYMONDLSL,⏳ WAIT,Standard,598.25,589.54,640.13,600.0,1244.83,23-Oct-2025,595.5,09-Oct-2026,3096.1,05-Sep-2024,417.5%
RUBICON,RUBICON,⏳ WAIT,Standard,1537.5,1489.95,1645.12,1550.0,1899.0,28-Aug-2026,570.19,24-Oct-2025,1899.0,28-Aug-2026,23.5%
KPIL,KPIL,⏳ WAIT,Standard,1379.0,1331.65,1475.53,1400.0,1490.0,06-Oct-2026,999.1,23-Mar-2026,1490.0,06-Oct-2026,8.0%
RPOWER,RPOWER,⏳ WAIT,Standard,19.86,18.9,21.25,20.0,50.73,10-Oct-2025,19.09,01-Oct-2026,76.49,11-Jun-2025,285.1%
SKFINDIA,SKFINDIA,⏳ WAIT,Standard,1404.0,1379.27,1502.28,1450.0,4953.04,14-Oct-2025,1370.53,30-Mar-2026,7009.84,18-Jun-2024,399.3%
RELIGARE,RELIGARE,⏳ WAIT,Standard,219.2,213.89,234.54,250.0,280.0,25-Jun-2026,196.51,09-Mar-2026,320.0,17-Dec-2024,46.0%
SKFINDUS,SKFINDUS,⏳ WAIT,Standard,2680.1,2554.2,2867.71,2700.0,3218.7,18-Sep-2026,1972.22,13-May-2026,3218.7,18-Sep-2026,20.1%
ROUTE,ROUTE,⏳ WAIT,Standard,418.05,411.54,447.31,450.0,798.2,01-Oct-2025,406.12,30-Mar-2026,2268.64,12-Oct-2021,442.7%
SKYGOLD,SKYGOLD,⏳ WAIT,Standard,896.8,768.74,959.58,900.0,906.95,09-Oct-2026,275.8,03-Oct-2025,906.95,09-Oct-2026,1.1%
REDTAPE,REDTAPE,⏳ WAIT,Standard,112.26,110.43,120.12,120.0,156.61,27-May-2026,105.92,27-Jan-2026,961.28,31-Oct-2024,756.3%
SHRIPISTON,SHRIPISTON,⏳ WAIT,Standard,4307.2,4185.03,4608.7,4350.0,4843.0,28-Sep-2026,2518.62,06-Nov-2025,4843.0,28-Sep-2026,12.4%
SBICARD,SBICARD,⏳ WAIT,Standard,562.8,542.17,602.2,600.0,961.63,23-Oct-2025,547.65,08-Oct-2026,1141.06,11-Oct-2021,102.7%
SBFC,SBFC,⏳ WAIT,Standard,83.11,80.0,88.93,90.0,123.0,03-Nov-2025,79.6,30-Mar-2026,123.0,03-Nov-2025,48.0%
SHRIRAMFIN,SHRIRAMFIN,⏳ WAIT,Standard,937.05,908.08,1002.64,950.0,1153.7,06-Aug-2026,628.59,03-Oct-2025,1153.7,06-Aug-2026,23.1%
ENRIN,ENRIN,⏳ WAIT,Standard,3150.0,3018.51,3370.5,3150.0,3968.0,29-May-2026,2111.59,23-Jan-2026,3968.0,29-May-2026,26.0%
TDPOWERSYS,TDPOWERSYS,⏳ WAIT,⚡ VCP + VDU,801.8,704.04,857.93,850.0,856.1,05-Oct-2026,290.71,14-Oct-2025,856.1,05-Oct-2026,6.8%
SCHAEFFLER,SCHAEFFLER,⏳ WAIT,Standard,3676.9,3584.99,3934.28,3700.0,4445.0,27-Apr-2026,3489.69,22-Jan-2026,4869.38,18-Jun-2024,32.4%
SWSOLAR,SWSOLAR,⏳ WAIT,Standard,161.85,157.51,173.18,170.0,260.8,23-Jun-2026,148.0,30-Mar-2026,828.0,21-May-2024,411.6%
STYRENIX,STYRENIX,⏳ WAIT,Standard,2000.0,1930.8,2140.0,2000.0,2625.97,04-Aug-2026,1761.86,30-Mar-2026,3381.11,11-Jun-2025,69.1%
SUPRIYA,SUPRIYA,⏳ WAIT,Standard,853.1,831.7,912.82,900.0,1083.71,01-Jun-2026,544.85,24-Mar-2026,1083.71,01-Jun-2026,27.0%
SUMICHEM,SUMICHEM,⏳ WAIT,Standard,414.5,404.12,443.52,450.0,572.05,17-Aug-2026,361.73,30-Mar-2026,663.4,04-Aug-2025,60.0%
SUBROS,SUBROS,⏳ WAIT,Standard,659.55,649.44,705.72,700.0,1184.99,30-Sep-2025,619.48,30-Mar-2026,1208.59,29-Sep-2025,83.2%
SUPREMEIND,SUPREMEIND,⏳ WAIT,Standard,3450.2,3254.03,3691.71,3500.0,4251.45,07-Oct-2025,3140.0,08-Jul-2026,6324.19,12-Jun-2024,83.3%
SUNPHARMA,SUNPHARMA,⏳ WAIT,Standard,1772.6,1727.55,1896.68,1800.0,2046.9,31-Jul-2026,1569.37,29-Jan-2026,2046.9,31-Jul-2026,15.5%
SUNDARMFIN,SUNDARMFIN,⏳ WAIT,Standard,4130.0,4060.29,4419.1,4150.0,5612.41,04-Mar-2026,3979.02,08-Jun-2026,5612.41,04-Mar-2026,35.9%
SUNTECK,SUNTECK,⏳ WAIT,Standard,272.05,263.44,291.09,300.0,469.98,03-Nov-2025,266.1,09-Oct-2026,691.16,16-Jul-2024,154.1%
SURYAROSNI,SURYAROSNI,⏳ WAIT,Standard,209.06,206.92,223.69,250.0,308.07,11-Nov-2025,185.21,30-Mar-2026,404.95,11-Jan-2024,93.7%
TBOTEK,TBOTEK,⏳ WAIT,Standard,1663.8,1607.96,1780.27,1700.0,1772.5,07-Oct-2026,1004.2,23-Mar-2026,2001.0,04-Sep-2024,20.3%
SUZLON,SUZLON,⏳ WAIT,Standard,37.21,35.95,39.81,40.0,61.5,06-Nov-2025,36.31,08-Oct-2026,86.04,12-Sep-2024,131.2%
SWIGGY,SWIGGY,⏳ WAIT,Standard,236.2,230.08,252.73,250.0,459.95,16-Oct-2025,232.4,09-Oct-2026,617.3,23-Dec-2024,161.3%
SWANCORP,SWANCORP,⏳ WAIT,Standard,258.0,251.86,276.06,300.0,493.36,29-Dec-2025,254.4,08-Oct-2026,809.23,16-Dec-2024,213.7%
TVSSCS,TVSSCS,⏳ WAIT,Standard,124.27,122.88,132.97,130.0,146.5,10-Jul-2026,90.32,30-Mar-2026,258.0,11-Sep-2023,107.6%
SYNGENE,SYNGENE,⏳ WAIT,Standard,348.9,341.01,373.32,350.0,677.03,07-Jan-2026,344.45,09-Oct-2026,956.03,02-Dec-2024,174.0%
TANLA,TANLA,⏳ WAIT,Standard,497.0,475.99,531.79,500.0,732.9,09-Oct-2025,361.83,30-Mar-2026,1955.0,17-Jan-2022,293.4%
TMB,TMB,⏳ WAIT,Standard,863.1,836.65,923.52,900.0,954.2,07-Sep-2026,413.16,15-Oct-2025,954.2,07-Sep-2026,10.6%
TARC,TARC,⏳ WAIT,Standard,114.25,112.87,122.25,120.0,186.3,07-Jan-2026,109.1,30-Mar-2026,269.95,07-Oct-2024,136.3%
STLTECH,STLTECH,⏳ WAIT,⚡ VCP + VDU,986.95,784.18,1056.04,1000.0,1051.1,06-Oct-2026,84.6,27-Jan-2026,1051.1,06-Oct-2026,6.5%
SUNTV,SUNTV,⏳ WAIT,Standard,636.9,478.17,681.48,650.0,663.9,30-Sep-2026,447.2,21-Sep-2026,873.27,09-Aug-2024,37.1%
SOLARINDS,SOLARINDS,⏳ WAIT,⚡ VCP + VDU,19981.0,18463.5,21379.67,20000.0,22700.0,15-Sep-2026,11639.12,18-Dec-2025,22700.0,15-Sep-2026,13.6%
SIEMENS,SIEMENS,⏳ WAIT,Standard,3601.9,3466.98,3854.03,3650.0,4149.4,25-Aug-2026,2812.18,21-Jan-2026,4732.24,16-Oct-2024,31.4%
SHARDACROP,SHARDACROP,⏳ WAIT,Standard,728.7,690.62,779.71,750.0,1282.81,13-Feb-2026,697.6,01-Oct-2026,1282.81,13-Feb-2026,76.0%
SKIPPER,SKIPPER,⏳ WAIT,Standard,525.85,506.88,562.66,550.0,616.8,09-Sep-2026,327.0,09-Mar-2026,664.77,12-Dec-2024,26.4%
SMARTWORKS,SMARTWORKS,⏳ WAIT,Standard,479.15,473.22,512.69,500.0,619.0,04-Nov-2025,361.5,30-Mar-2026,619.0,04-Nov-2025,29.2%
SHREECEM,SHREECEM,⏳ WAIT,Standard,21960.0,21141.45,23497.2,22000.0,30121.13,16-Oct-2025,21355.0,01-Oct-2026,32314.19,23-Jul-2025,47.2%
SHAKTIPUMP,SHAKTIPUMP,⏳ WAIT,Standard,420.55,411.89,449.99,450.0,829.45,03-Oct-2025,416.05,09-Oct-2026,1382.75,09-Jan-2025,228.8%
SHYAMMETL,SHYAMMETL,⏳ WAIT,⚡ VCP + VDU,1059.9,1004.85,1134.09,1100.0,1148.0,24-Sep-2026,742.73,16-Mar-2026,1148.0,24-Sep-2026,8.3%
RENUKA,RENUKA,⏳ WAIT,Standard,21.74,20.74,23.26,30.0,31.35,08-Oct-2025,20.95,01-Oct-2026,68.75,11-Oct-2022,216.2%
SIGNATURE,SIGNATURE,⏳ WAIT,Standard,713.55,688.05,763.5,750.0,1153.9,22-Dec-2025,695.0,08-Oct-2026,1647.0,26-Sep-2024,130.8%
STARHEALTH,STARHEALTH,⏳ WAIT,Standard,546.9,507.87,585.18,550.0,624.9,30-Jul-2026,416.55,27-Jan-2026,940.0,10-Dec-2021,71.9%
SBIN,SBIN,⏳ WAIT,Standard,953.15,928.12,1019.87,1000.0,1212.84,24-Feb-2026,842.07,08-Oct-2025,1212.84,24-Feb-2026,27.2%
SAIL,SAIL,⏳ WAIT,Standard,173.43,164.1,185.57,180.0,206.99,14-May-2026,122.4,19-Dec-2025,206.99,14-May-2026,19.4%
SOBHA,SOBHA,⏳ WAIT,Standard,1172.0,1158.7,1254.04,1200.0,1724.93,10-Nov-2025,1125.39,02-Apr-2026,2144.28,13-Jun-2024,83.0%
SONATSOFTW,SONATSOFTW,⏳ WAIT,Standard,240.15,235.92,256.96,250.0,390.55,13-Nov-2025,203.58,30-Mar-2026,831.54,27-Feb-2024,246.3%
STAR,STAR,⏳ WAIT,Standard,1089.0,1061.28,1165.23,1100.0,1260.9,21-Sep-2026,765.07,29-Jan-2026,1659.69,17-Oct-2024,52.4%
SUDARSCHEM,SUDARSCHEM,⏳ WAIT,Standard,1159.1,1143.45,1240.24,1200.0,1354.35,06-Oct-2025,723.17,30-Mar-2026,1595.87,24-Sep-2025,37.7%
SUDEEPPHRM,SUDEEPPHRM,⏳ WAIT,Standard,1058.7,1025.44,1132.81,1100.0,1378.0,07-Sep-2026,523.12,21-Jan-2026,1378.0,07-Sep-2026,30.2%
STARCEMENT,STARCEMENT,⏳ WAIT,Standard,168.01,164.84,179.77,170.0,271.76,15-Oct-2025,166.5,09-Oct-2026,307.54,02-Sep-2025,83.0%
SPARC,SPARC,⏳ WAIT,Standard,186.58,183.45,199.64,190.0,289.0,08-Jul-2026,108.0,23-Mar-2026,472.8,09-Apr-2024,153.4%
KALYANKJIL,KALYANKJIL,⏳ WAIT,Standard,552.8,517.28,591.5,600.0,646.31,30-Jul-2026,325.72,11-Jun-2026,789.86,02-Jan-2025,42.9%
JUSTDIAL,JUSTDIAL,⏳ WAIT,Standard,649.45,623.7,694.91,650.0,878.6,13-Oct-2025,480.5,30-Mar-2026,1395.0,11-Oct-2024,114.8%
KNRCON,KNRCON,⏳ WAIT,Standard,111.1,108.9,118.88,120.0,199.7,03-Oct-2025,108.43,27-Mar-2026,413.75,31-Jul-2024,272.4%
BSOFT,BSOFT,⏳ WAIT,Standard,284.75,264.38,304.68,300.0,467.1,11-Feb-2026,266.27,09-Jul-2026,827.72,06-Feb-2024,190.7%
BLUESTONE,BLUESTONE,⏳ WAIT,⚡ VCP + VDU,815.15,732.95,872.21,850.0,969.9,23-Sep-2026,399.8,17-Feb-2026,969.9,23-Sep-2026,19.0%
BLACKBUCK,BLACKBUCK,⏳ WAIT,Standard,591.45,578.46,632.85,600.0,748.0,21-Oct-2025,496.0,22-May-2026,748.0,21-Oct-2025,26.5%
BLUEDART,BLUEDART,⏳ WAIT,Standard,4571.1,4413.52,4891.08,4600.0,6999.59,30-Oct-2025,4458.1,05-Oct-2026,9482.1,04-Oct-2022,107.4%
CCL,CCL,⏳ WAIT,Standard,1058.1,981.49,1132.17,1100.0,1238.75,13-Jul-2026,811.04,09-Oct-2025,1238.75,13-Jul-2026,17.1%
BLUESTARCO,BLUESTARCO,⏳ WAIT,⚡ VCP + VDU,1548.0,1429.56,1656.36,1550.0,2022.98,24-Oct-2025,1432.3,09-Sep-2026,2393.71,06-Jan-2025,54.6%
CGPOWER,CGPOWER,⏳ WAIT,Standard,860.15,831.75,920.36,900.0,980.9,02-Jul-2026,524.34,27-Jan-2026,980.9,02-Jul-2026,14.0%
BBTC,BBTC,⏳ WAIT,Standard,1217.0,1193.44,1302.19,1250.0,2114.67,23-Oct-2025,1205.5,09-Oct-2026,2919.66,01-Oct-2024,139.9%
BORORENEW,BORORENEW,⏳ WAIT,Standard,431.15,421.39,461.33,450.0,721.0,12-Nov-2025,374.4,30-Mar-2026,833.35,25-Apr-2022,93.3%
CORONA,CORONA,⏳ WAIT,Standard,2021.0,1940.4,2162.47,2050.0,2292.4,15-Sep-2026,1329.32,23-Dec-2025,2292.4,15-Sep-2026,13.4%
BRITANNIA,BRITANNIA,⏳ WAIT,Standard,4817.7,4686.76,5154.94,4850.0,6168.27,07-Jan-2026,4734.1,05-Oct-2026,6281.59,03-Oct-2024,30.4%
BRIGADE,BRIGADE,⏳ WAIT,Standard,548.0,538.41,586.36,550.0,799.25,31-Oct-2025,449.2,23-Mar-2026,1081.58,25-Jun-2024,97.4%
MAPMYINDIA,MAPMYINDIA,⏳ WAIT,Standard,880.8,824.82,942.46,900.0,1992.15,14-Oct-2025,792.67,30-Mar-2026,2730.32,21-Jun-2024,210.0%
FIRSTCRY,FIRSTCRY,⏳ WAIT,Standard,169.8,166.34,181.69,170.0,389.65,07-Oct-2025,163.37,18-Sep-2026,734.0,15-Oct-2024,332.3%
CESC,CESC,⏳ WAIT,Standard,130.21,127.03,139.32,140.0,197.2,04-May-2026,128.31,08-Oct-2026,197.2,04-May-2026,51.4%
CANHLIFE,CANHLIFE,⏳ WAIT,Standard,141.6,133.91,151.51,150.0,166.25,21-Jul-2026,105.72,17-Oct-2025,166.25,21-Jul-2026,17.4%
CMSINFO,CMSINFO,⏳ WAIT,Standard,213.28,209.58,228.21,250.0,385.64,17-Oct-2025,211.7,09-Oct-2026,592.35,10-Oct-2024,177.7%
CIEINDIA,CIEINDIA,⏳ WAIT,Standard,371.4,364.62,397.4,400.0,518.55,23-Feb-2026,366.9,16-Sep-2026,603.45,09-Jul-2024,62.5%
CAPLIPOINT,CAPLIPOINT,⏳ WAIT,Standard,2501.6,2452.13,2676.71,2550.0,2990.0,24-Sep-2026,1495.03,30-Mar-2026,2990.0,24-Sep-2026,19.5%
CGCL,CGCL,⏳ WAIT,Standard,242.81,238.02,259.81,250.0,287.45,07-Sep-2026,150.99,04-Mar-2026,873.67,15-Jun-2023,259.8%
BOSCHLTD,BOSCHLTD,⏳ WAIT,Standard,43290.0,42248.25,46320.3,43300.0,50000.0,31-Aug-2026,28422.96,30-Mar-2026,50000.0,31-Aug-2026,15.5%
BIRLACORPN,BIRLACORPN,⏳ WAIT,Standard,800.15,785.07,856.16,850.0,1328.83,06-Oct-2025,759.72,16-Mar-2026,1753.51,27-Feb-2024,119.1%
BALKRISIND,BALKRISIND,⏳ WAIT,Standard,2010.2,1956.83,2150.91,2050.0,2765.38,10-Feb-2026,1963.17,11-Jun-2026,3327.52,01-Aug-2024,65.5%
BIKAJI,BIKAJI,⏳ WAIT,Standard,465.9,459.86,498.51,500.0,767.0,29-Dec-2025,464.5,09-Oct-2026,1004.72,27-Sep-2024,115.7%
BANDHANBNK,BANDHANBNK,⏳ WAIT,Standard,158.05,152.25,169.11,160.0,218.86,15-Jul-2026,133.1,09-Dec-2025,338.56,17-May-2022,114.2%
BANCOINDIA,BANCOINDIA,⏳ WAIT,Standard,594.95,573.9,636.6,600.0,848.83,06-Oct-2025,495.6,30-Mar-2026,848.83,06-Oct-2025,42.7%
BANKBARODA,BANKBARODA,⏳ WAIT,Standard,236.43,221.58,252.98,250.0,315.3,26-Feb-2026,223.82,29-Sep-2026,315.3,26-Feb-2026,33.4%
BHARATFORG,BHARATFORG,⏳ WAIT,Standard,1798.5,1755.47,1924.4,1800.0,2295.0,10-Aug-2026,1174.49,09-Oct-2025,2295.0,10-Aug-2026,27.6%
BHEL,BHEL,⏳ WAIT,Standard,434.55,398.57,464.97,450.0,455.95,07-Oct-2026,228.8,24-Oct-2025,455.95,07-Oct-2026,4.9%
BANKINDIA,BANKINDIA,⏳ WAIT,Standard,133.35,125.46,142.68,140.0,172.72,27-Feb-2026,118.33,17-Oct-2025,172.72,27-Feb-2026,29.5%
MAHABANK,MAHABANK,⏳ WAIT,⚡ VCP + VDU,82.89,78.08,88.69,90.0,94.5,29-Jun-2026,53.03,14-Oct-2025,94.5,29-Jun-2026,14.0%
BAYERCROP,BAYERCROP,⏳ WAIT,Standard,3452.3,3332.64,3693.96,3500.0,4992.86,16-Apr-2026,3366.3,08-Oct-2026,6808.08,08-Aug-2024,97.2%
BATAINDIA,BATAINDIA,⏳ WAIT,Standard,606.05,594.15,648.47,650.0,1181.52,07-Oct-2025,577.4,30-Mar-2026,2037.18,16-Nov-2021,236.1%
GROWW,GROWW,⏳ WAIT,Standard,191.56,176.23,204.97,200.0,227.2,29-Apr-2026,112.0,12-Nov-2025,227.2,29-Apr-2026,18.6%
BEL,BEL,⏳ WAIT,Standard,368.25,356.9,394.03,400.0,472.81,06-Mar-2026,360.5,09-Oct-2026,472.81,06-Mar-2026,28.4%
BERGEPAINT,BERGEPAINT,⏳ WAIT,Standard,466.35,436.69,498.99,500.0,590.09,21-Nov-2025,388.17,16-Mar-2026,693.3,14-Oct-2021,48.7%
BDL,BDL,⏳ WAIT,Standard,1076.7,1037.22,1152.07,1100.0,1627.06,14-Nov-2025,1047.7,08-Oct-2026,2087.62,30-May-2025,93.9%
BBOX,BBOX,⏳ WAIT,Standard,907.4,767.79,970.92,950.0,1101.51,05-Jun-2026,443.7,30-Mar-2026,1101.51,05-Jun-2026,21.4%
BPCL,BPCL,⏳ WAIT,Standard,284.6,280.12,304.52,300.0,391.65,05-Feb-2026,266.6,02-Apr-2026,391.65,05-Feb-2026,37.6%
BHARTIARTL,BHARTIARTL,⏳ WAIT,Standard,1808.6,1709.04,1935.2,1850.0,2147.47,21-Nov-2025,1718.87,13-May-2026,2147.47,21-Nov-2025,18.7%
BLUEJET,BLUEJET,⏳ WAIT,Standard,520.15,509.4,556.56,550.0,691.45,10-Oct-2025,324.32,30-Mar-2026,1023.85,21-Jul-2025,96.8%
BHARTIHEXA,BHARTIHEXA,⏳ WAIT,⚡ VCP + VDU,1517.9,1345.61,1624.15,1550.0,1934.32,29-Oct-2025,1359.2,06-Oct-2026,2019.43,01-Jul-2025,33.0%
BIOCON,BIOCON,⏳ WAIT,Standard,347.9,340.51,372.25,350.0,447.15,16-Jul-2026,337.3,07-Apr-2026,447.15,16-Jul-2026,28.5%
CRISIL,CRISIL,⏳ WAIT,Standard,4431.2,4301.55,4741.38,4450.0,5005.77,28-Oct-2025,3669.91,02-Apr-2026,6781.71,31-Dec-2024,53.0%
CAMPUS,CAMPUS,⏳ WAIT,Standard,197.36,194.59,211.18,200.0,285.84,16-Oct-2025,196.56,09-Oct-2026,632.6,19-Oct-2022,220.5%
CSBBANK,CSBBANK,⏳ WAIT,Standard,300.7,294.08,321.75,350.0,574.4,05-Jan-2026,295.0,15-Sep-2026,574.4,05-Jan-2026,91.0%
CANBK,CANBK,⏳ WAIT,Standard,118.98,115.34,127.31,120.0,157.69,26-Feb-2026,116.51,01-Oct-2026,157.69,26-Feb-2026,32.5%
CLEAN,CLEAN,⏳ WAIT,Standard,797.55,758.34,853.38,800.0,1100.08,03-Oct-2025,648.94,30-Mar-2026,2649.0,05-Jan-2022,232.1%
CRAFTSMAN,CRAFTSMAN,⏳ WAIT,Standard,10177.0,9900.0,10889.39,10200.0,11999.0,09-Sep-2026,6316.29,29-Oct-2025,11999.0,09-Sep-2026,17.9%
COALINDIA,COALINDIA,⏳ WAIT,Standard,411.1,399.81,439.88,450.0,478.71,30-Apr-2026,355.18,30-Oct-2025,478.71,30-Apr-2026,16.4%
COCHINSHIP,COCHINSHIP,⏳ WAIT,Standard,1250.9,1188.0,1338.46,1300.0,1879.13,03-Oct-2025,1185.67,30-Mar-2026,2937.82,08-Jul-2024,134.9%
COLPAL,COLPAL,⏳ WAIT,Standard,1831.1,1698.94,1959.28,1850.0,2278.11,17-Oct-2025,1716.1,01-Oct-2026,3733.22,30-Sep-2024,103.9%
CUPID,CUPID,⏳ WAIT,Standard,363.15,258.79,388.57,400.0,368.0,09-Oct-2026,41.82,08-Oct-2025,368.0,09-Oct-2026,1.3%
CYIENT,CYIENT,⏳ WAIT,Standard,1139.1,1033.56,1218.84,1150.0,1219.0,01-Sep-2026,750.3,30-Mar-2026,2361.96,22-Dec-2023,107.4%
DCBBANK,DCBBANK,⏳ WAIT,Standard,201.11,190.02,215.19,250.0,234.8,08-Sep-2026,124.68,01-Oct-2025,234.8,08-Sep-2026,16.8%
CONCOR,CONCOR,⏳ WAIT,Standard,439.9,428.92,470.69,450.0,547.74,30-Oct-2025,419.33,23-Mar-2026,1139.36,03-Jun-2024,159.0%
DLF,DLF,⏳ WAIT,Standard,645.95,627.81,691.17,650.0,776.75,29-Oct-2025,483.33,02-Apr-2026,943.27,01-Apr-2024,46.0%
CAMS,CAMS,⏳ WAIT,Standard,673.8,654.19,720.97,700.0,837.88,08-May-2026,606.32,23-Mar-2026,1042.46,12-Dec-2024,54.7%
COROMANDEL,COROMANDEL,⏳ WAIT,Standard,1678.0,1634.59,1795.46,1700.0,2486.77,19-Dec-2025,1651.1,09-Oct-2026,2705.59,31-Jul-2025,61.2%
CREDITACC,CREDITACC,⏳ WAIT,Standard,1267.1,1197.01,1355.8,1300.0,1634.0,31-Jul-2026,1113.0,23-Mar-2026,1781.87,14-Dec-2023,40.6%
DATAPATTNS,DATAPATTNS,⏳ WAIT,Standard,4114.8,4006.73,4402.84,4150.0,5000.0,21-Aug-2026,2126.36,27-Jan-2026,5000.0,21-Aug-2026,21.5%
CROMPTON,CROMPTON,⏳ WAIT,Standard,207.26,199.09,221.77,250.0,306.81,15-May-2026,201.1,01-Oct-2026,474.03,02-Sep-2024,128.7%
DEEPAKFERT,DEEPAKFERT,⏳ WAIT,Standard,1393.1,1273.14,1490.62,1400.0,1669.61,04-Aug-2026,860.53,23-Mar-2026,1753.99,03-Jul-2025,25.9%
DCMSHRIRAM,DCMSHRIRAM,⏳ WAIT,Standard,963.05,877.44,1030.46,1000.0,1395.13,29-Oct-2025,886.3,01-Oct-2026,1483.84,24-Jul-2025,54.1%
CRIZAC,CRIZAC,⏳ WAIT,Standard,162.15,157.46,173.5,170.0,322.39,27-Oct-2025,159.05,09-Oct-2026,375.59,08-Sep-2025,131.6%
DEVYANI,DEVYANI,⏳ WAIT,Standard,122.81,121.31,131.41,130.0,172.74,01-Oct-2025,91.55,02-Apr-2026,227.5,11-Sep-2023,85.2%
CUB,CUB,⏳ WAIT,⚡ VCP + VDU,226.74,208.58,242.61,250.0,248.85,07-Sep-2026,155.52,01-Oct-2025,248.85,07-Sep-2026,9.8%
CIPLA,CIPLA,⏳ WAIT,Standard,1310.0,1279.08,1401.7,1350.0,1657.45,23-Oct-2025,1154.87,02-Apr-2026,1668.41,09-Oct-2024,27.4%
CONCORDBIO,CONCORDBIO,⏳ WAIT,Standard,1342.8,1306.8,1436.8,1350.0,1657.67,01-Oct-2025,981.13,02-Apr-2026,2631.36,20-Sep-2024,96.0%
CERA,CERA,⏳ WAIT,Standard,4974.0,4875.75,5322.18,5000.0,6663.07,22-Jun-2026,4410.18,16-Mar-2026,10565.95,09-Aug-2024,112.4%
CANFINHOME,CANFINHOME,⏳ WAIT,Standard,723.15,693.0,773.77,750.0,962.69,26-Dec-2025,700.0,01-Oct-2026,962.69,26-Dec-2025,33.1%
CRAMC,CRAMC,⏳ WAIT,Standard,220.5,213.84,235.94,250.0,348.32,27-Oct-2025,212.17,09-Mar-2026,348.32,27-Oct-2025,58.0%
CEMPRO,CEMPRO,⏳ WAIT,Standard,1131.3,1113.75,1210.49,1150.0,1649.2,21-Jul-2026,502.02,23-Mar-2026,1649.2,21-Jul-2026,45.8%
CAPILLARY,CAPILLARY,⏳ WAIT,⚡ VCP + VDU,559.2,517.32,598.34,600.0,798.95,26-Nov-2025,438.15,09-Sep-2026,798.95,26-Nov-2025,42.9%
CARTRADE,CARTRADE,⏳ WAIT,⚡ VCP + VDU,2896.0,2712.4,3098.72,2900.0,3290.5,17-Nov-2025,1600.0,30-Apr-2026,3290.5,17-Nov-2025,13.6%
CELLO,CELLO,⏳ WAIT,⚡ VCP + VDU,373.5,310.86,399.65,400.0,670.83,30-Oct-2025,314.0,01-Oct-2026,1016.27,04-Jul-2024,172.1%
CEATLTD,CEATLTD,⏳ WAIT,Standard,3250.0,3164.14,3477.5,3250.0,4393.16,23-Oct-2025,3030.27,11-Jun-2026,4393.16,23-Oct-2025,35.2%
CENTRALBK,CENTRALBK,⏳ WAIT,Standard,30.07,29.46,32.17,40.0,40.26,26-Feb-2026,29.32,02-Jun-2026,74.12,07-Feb-2024,146.5%
CENTURYPLY,CENTURYPLY,⏳ WAIT,Standard,662.7,647.61,709.09,700.0,857.85,03-Feb-2026,617.67,23-Mar-2026,932.56,23-Sep-2024,40.7%
CHOLAHLDNG,CHOLAHLDNG,⏳ WAIT,Standard,1383.5,1316.8,1480.34,1400.0,2062.37,06-Nov-2025,1303.97,23-Mar-2026,2228.3,02-Jul-2025,61.1%
CDSL,CDSL,⏳ WAIT,Standard,1260.8,1211.66,1349.06,1300.0,1658.57,20-Nov-2025,1106.21,30-Mar-2026,1955.87,17-Dec-2024,55.1%
CHALET,CHALET,⏳ WAIT,Standard,824.9,806.85,882.64,850.0,987.23,03-Oct-2025,690.56,30-Mar-2026,1079.57,01-Aug-2025,30.9%
CHOICEIN,CHOICEIN,⏳ WAIT,Standard,715.15,699.68,765.21,750.0,860.5,05-Jan-2026,568.7,23-Mar-2026,860.5,05-Jan-2026,20.3%
CHENNPETRO,CHENNPETRO,⏳ WAIT,⚡ VCP + VDU,1481.0,1311.85,1584.67,1500.0,1677.5,11-Sep-2026,681.45,20-Oct-2025,1677.5,11-Sep-2026,13.3%
CHAMBLFERT,CHAMBLFERT,⏳ WAIT,Standard,373.9,368.03,400.07,400.0,509.57,06-Oct-2025,371.75,09-Oct-2026,717.72,06-May-2025,92.0%
COFORGE,COFORGE,⏳ WAIT,Standard,1852.2,1704.78,1981.85,1900.0,2021.2,31-Aug-2026,1005.76,17-Mar-2026,2021.2,31-Aug-2026,9.1%
COHANCE,COHANCE,⏳ WAIT,Standard,440.1,430.65,470.91,450.0,917.85,21-Oct-2025,266.7,09-Mar-2026,1360.0,02-Dec-2024,209.0%
CHOLAFIN,CHOLAFIN,⏳ WAIT,Standard,1585.0,1527.67,1695.95,1600.0,1952.5,06-Aug-2026,1298.89,02-Apr-2026,1952.5,06-Aug-2026,23.2%
BELRISE,BELRISE,⏳ WAIT,Standard,233.4,222.76,249.74,250.0,267.55,12-Aug-2026,142.25,04-Nov-2025,267.55,12-Aug-2026,14.6%
BALRAMCHIN,BALRAMCHIN,⏳ WAIT,⚡ VCP + VDU,688.3,631.62,736.48,700.0,780.95,20-Aug-2026,393.55,21-Jan-2026,780.95,20-Aug-2026,13.5%
DALBHARAT,DALBHARAT,⏳ WAIT,Standard,1599.0,1575.98,1710.93,1600.0,2308.78,17-Oct-2025,1591.9,09-Oct-2026,2484.34,17-Sep-2025,55.4%
AAVAS,AAVAS,⏳ WAIT,Standard,1196.0,1155.53,1279.72,1200.0,1771.9,13-Nov-2025,1060.4,23-Mar-2026,3340.0,02-Feb-2022,179.3%
ABFRL,ABFRL,⏳ WAIT,Standard,43.42,42.62,46.46,50.0,88.99,03-Oct-2025,43.05,08-Oct-2026,364.4,27-Sep-2024,739.2%
AXISCADES,AXISCADES,⏳ WAIT,⚡ VCP + VDU,2040.0,1842.39,2182.8,2050.0,2360.0,05-Oct-2026,1063.3,22-Jan-2026,2360.0,05-Oct-2026,15.7%
ABREL,ABREL,⏳ WAIT,Standard,1018.3,992.28,1089.58,1050.0,1910.67,03-Nov-2025,1002.3,09-Oct-2026,3131.73,21-Oct-2024,207.5%
ABLBL,ABLBL,⏳ WAIT,Standard,72.13,70.39,77.18,80.0,149.99,06-Oct-2025,71.1,08-Oct-2026,167.11,08-Jul-2025,131.7%
CPPLUS,CPPLUS,⏳ WAIT,⚡ VCP + VDU,3995.9,3626.57,4275.61,4000.0,4188.9,06-Oct-2026,1303.41,31-Oct-2025,4188.9,06-Oct-2026,4.8%
ADVENZYMES,ADVENZYMES,⏳ WAIT,Standard,269.25,265.32,288.1,300.0,417.2,11-May-2026,250.87,30-Mar-2026,558.75,16-Sep-2024,107.5%
AJANTPHARM,AJANTPHARM,⏳ WAIT,Standard,3382.9,3339.07,3619.7,3400.0,3796.0,18-Aug-2026,2331.55,03-Oct-2025,3796.0,18-Aug-2026,12.2%
AEGISLOG,AEGISLOG,⏳ WAIT,⚡ VCP + VDU,1387.3,1267.0,1484.41,1400.0,1528.7,22-Sep-2026,573.05,23-Mar-2026,1528.7,22-Sep-2026,10.2%
ALIVUS,ALIVUS,⏳ WAIT,Standard,1325.2,1285.02,1417.96,1350.0,1488.49,31-Aug-2026,816.09,22-Jan-2026,1488.49,31-Aug-2026,12.3%
AETHER,AETHER,⏳ WAIT,⚡ VCP + VDU,1713.0,1612.71,1832.91,1750.0,1814.1,06-Oct-2026,728.0,11-Nov-2025,1814.1,06-Oct-2026,5.9%
AEQUS,AEQUS,⏳ WAIT,⚡ VCP + VDU,271.45,241.76,290.45,300.0,294.7,06-Oct-2026,113.3,16-Mar-2026,294.7,06-Oct-2026,8.6%
ALKYLAMINE,ALKYLAMINE,⏳ WAIT,Standard,1820.3,1689.53,1947.72,1850.0,2115.0,24-Aug-2026,1205.2,17-Mar-2026,4009.66,11-Oct-2021,120.3%
AFCONS,AFCONS,⏳ WAIT,Standard,242.35,235.62,259.31,250.0,476.09,10-Oct-2025,225.35,16-Sep-2026,562.67,03-Jan-2025,132.2%
AHLUCONT,AHLUCONT,⏳ WAIT,Standard,557.4,535.14,596.42,600.0,1076.65,18-Nov-2025,540.55,01-Oct-2026,1538.99,05-Jul-2024,176.1%
AFFLE,AFFLE,⏳ WAIT,Standard,1433.4,1391.05,1533.74,1450.0,1993.7,10-Oct-2025,1251.3,23-Mar-2026,2185.9,22-Sep-2025,52.5%
APLLTD,APLLTD,⏳ WAIT,Standard,798.35,780.86,854.23,800.0,983.37,04-Nov-2025,626.48,23-Mar-2026,1270.66,09-Oct-2024,59.2%
ANANTRAJ,ANANTRAJ,⏳ WAIT,Standard,576.5,563.36,616.86,600.0,742.43,07-Oct-2025,402.34,30-Mar-2026,945.21,08-Jan-2025,64.0%
ANGELONE,ANGELONE,⏳ WAIT,Standard,293.1,265.12,313.62,300.0,359.34,19-Jun-2026,206.48,13-Mar-2026,374.0,09-Jan-2024,27.6%
ANTHEM,ANTHEM,⏳ WAIT,Standard,869.2,822.29,930.04,900.0,977.55,09-Sep-2026,577.64,02-Feb-2026,977.55,09-Sep-2026,12.5%
AEGISVOPAK,AEGISVOPAK,⏳ WAIT,Standard,277.0,271.16,296.39,300.0,320.95,21-Sep-2026,157.89,30-Mar-2026,320.95,21-Sep-2026,15.9%
ATGL,ATGL,⏳ WAIT,Standard,565.1,554.4,604.66,600.0,859.55,29-May-2026,462.64,09-Mar-2026,3994.52,23-Jan-2023,606.9%
BAJAJHFL,BAJAJHFL,⏳ WAIT,Standard,82.17,80.25,87.92,90.0,113.45,06-Oct-2025,72.65,30-Mar-2026,188.5,18-Sep-2024,129.4%
AVL,AVL,⏳ WAIT,Standard,587.2,555.29,628.3,600.0,703.5,25-Jun-2026,435.62,16-Mar-2026,703.5,25-Jun-2026,19.8%
ABB,ABB,⏳ WAIT,Standard,6725.5,6509.25,7196.29,6750.0,7832.29,16-Jul-2026,4564.87,21-Jan-2026,8922.81,18-Jun-2024,32.7%
360ONE,360ONE,⏳ WAIT,Standard,1038.9,997.92,1111.62,1050.0,1229.07,16-Jan-2026,900.82,07-Apr-2026,1295.81,06-Jan-2025,24.7%
AARTIDRUGS,AARTIDRUGS,⏳ WAIT,Standard,415.45,403.97,444.53,450.0,531.15,10-Nov-2025,318.95,30-Mar-2026,639.55,25-Jul-2023,53.9%
AARTIIND,AARTIIND,⏳ WAIT,Standard,472.0,454.95,505.04,500.0,550.66,25-Aug-2026,337.38,21-Jan-2026,1150.65,19-Oct-2021,143.8%
3MINDIA,3MINDIA,⏳ WAIT,Standard,30100.0,29492.1,32207.0,30100.0,37487.1,10-Feb-2026,28319.86,02-Apr-2026,39386.18,30-Jul-2024,30.9%
ACC,ACC,⏳ WAIT,Standard,1132.9,1113.35,1212.2,1150.0,1975.57,24-Nov-2025,1124.6,09-Oct-2026,2816.27,02-Jul-2024,148.6%
AIAENG,AIAENG,⏳ WAIT,Standard,3720.1,3626.37,3980.51,3750.0,5160.6,30-Jun-2026,3033.6,30-Sep-2025,5160.6,30-Jun-2026,38.7%
AWL,AWL,⏳ WAIT,Standard,183.0,170.87,195.81,190.0,281.43,21-Nov-2025,170.3,16-Mar-2026,873.44,28-Apr-2022,377.3%
ACUTAAS,ACUTAAS,⏳ WAIT,Standard,3149.1,3000.79,3369.54,3150.0,3737.2,06-Jul-2026,1372.07,03-Oct-2025,3737.2,06-Jul-2026,18.7%
ADANIENSOL,ADANIENSOL,⏳ WAIT,Standard,1268.3,1228.79,1357.08,1300.0,1789.0,21-Jul-2026,803.1,23-Jan-2026,4236.75,16-Sep-2022,234.0%
ADANIENT,ADANIENT,⏳ WAIT,Standard,2614.2,2521.53,2797.19,2650.0,3245.0,06-Jul-2026,1752.22,30-Mar-2026,4182.39,21-Dec-2022,60.0%
APLAPOLLO,APLAPOLLO,⏳ WAIT,Standard,2079.0,2005.94,2224.53,2100.0,2292.57,12-Feb-2026,1678.83,01-Oct-2025,2292.57,12-Feb-2026,10.3%
AADHARHFC,AADHARHFC,⏳ WAIT,Standard,448.2,423.03,479.57,450.0,563.0,06-Jul-2026,427.3,29-Sep-2026,563.0,06-Jul-2026,25.6%
ADANIPORTS,ADANIPORTS,⏳ WAIT,Standard,1749.0,1657.46,1871.43,1750.0,1891.1,03-Jul-2026,1286.58,23-Jan-2026,1891.1,03-Jul-2026,8.1%
ADANIPOWER,ADANIPOWER,⏳ WAIT,Standard,189.17,182.21,202.41,190.0,254.2,29-May-2026,128.1,23-Jan-2026,254.2,29-May-2026,34.4%
ADANIGREEN,ADANIGREEN,⏳ WAIT,Standard,1249.1,1195.92,1336.54,1250.0,1631.5,14-Jul-2026,765.0,23-Jan-2026,3050.0,19-Apr-2022,144.2%
ABCAPITAL,ABCAPITAL,⏳ WAIT,Standard,381.85,364.12,408.58,400.0,430.7,03-Aug-2026,287.7,02-Apr-2026,430.7,03-Aug-2026,12.8%
ABBOTINDIA,ABBOTINDIA,⏳ WAIT,Standard,25910.0,25324.2,27723.7,25950.0,29954.07,25-Nov-2025,24574.94,24-Apr-2026,35657.37,27-Jun-2025,37.6%
ABSLAMC,ABSLAMC,⏳ WAIT,Standard,995.0,933.08,1064.65,1000.0,1194.96,22-Jun-2026,690.69,25-Nov-2025,1194.96,22-Jun-2026,20.1%
ALKEM,ALKEM,⏳ WAIT,Standard,5258.0,5058.9,5626.06,5300.0,5875.53,13-Jan-2026,5051.0,11-Sep-2026,6316.6,13-Sep-2024,20.1%
ANANDRATHI,ANANDRATHI,⏳ WAIT,Standard,2063.2,1986.93,2207.62,2100.0,2268.4,18-Sep-2026,1351.2,27-Jan-2026,2268.4,18-Sep-2026,9.9%
ABDL,ABDL,⏳ WAIT,⚡ VCP + VDU,711.45,667.21,761.25,750.0,753.8,25-Sep-2026,378.82,23-Mar-2026,753.8,25-Sep-2026,6.0%
APOLLO,APOLLO,⏳ WAIT,Standard,392.1,379.91,419.55,400.0,466.21,03-Jul-2026,179.39,30-Mar-2026,466.21,03-Jul-2026,18.9%
AURIONPRO,AURIONPRO,⏳ WAIT,Standard,599.5,587.42,641.46,600.0,1235.29,04-Nov-2025,593.35,01-Oct-2026,1973.68,28-Aug-2024,229.2%
AVALON,AVALON,⏳ WAIT,⚡ VCP + VDU,2300.0,2158.2,2461.0,2300.0,2618.0,18-Sep-2026,777.3,29-Jan-2026,2618.0,18-Sep-2026,13.8%
BEML,BEML,⏳ WAIT,Standard,1923.9,1856.84,2058.57,1950.0,2256.19,24-Oct-2025,1345.29,30-Mar-2026,2692.39,05-Jul-2024,39.9%
AIIL,AIIL,⏳ WAIT,⚡ VCP + VDU,549.0,521.93,587.43,550.0,683.0,13-Jan-2026,400.0,09-Mar-2026,683.0,13-Jan-2026,24.4%
BSE,BSE,⏳ WAIT,Standard,3317.7,2970.0,3549.94,3350.0,4435.12,27-May-2026,2044.61,03-Oct-2025,4435.12,27-May-2026,33.7%
DMART,DMART,⏳ WAIT,Standard,3565.9,3485.79,3815.51,3600.0,4644.0,17-Apr-2026,3521.0,06-Oct-2026,5900.0,18-Oct-2021,65.5%
AVANTIFEED,AVANTIFEED,⏳ WAIT,Standard,703.05,687.31,752.26,750.0,1575.93,21-Apr-2026,625.36,30-Sep-2025,1575.93,21-Apr-2026,124.2%
CCAVENUE,CCAVENUE,⏳ WAIT,Standard,14.99,14.77,16.04,20.0,20.5,19-Nov-2025,12.92,30-Mar-2026,42.44,11-Mar-2024,183.1%
AXISBANK,AXISBANK,⏳ WAIT,⚡ VCP + VDU,1256.4,1178.6,1344.35,1300.0,1417.21,03-Feb-2026,1149.41,02-Apr-2026,1417.21,03-Feb-2026,12.8%
AWFIS,AWFIS,⏳ WAIT,Standard,240.46,231.17,257.29,250.0,639.4,11-Nov-2025,229.05,30-Mar-2026,946.0,22-Aug-2024,293.4%
AZAD,AZAD,⏳ WAIT,⚡ VCP + VDU,2915.5,2646.37,3119.58,2950.0,3127.9,30-Sep-2026,1360.0,23-Mar-2026,3127.9,30-Sep-2026,7.3%
BLS,BLS,⏳ WAIT,Standard,216.4,209.88,231.55,250.0,355.66,08-Oct-2025,212.0,01-Oct-2026,515.54,03-Jan-2025,138.2%
BAJAJ-AUTO,BAJAJ-AUTO,⏳ WAIT,Standard,9943.0,9548.55,10639.01,9950.0,12470.0,01-Sep-2026,8373.65,03-Oct-2025,12470.0,01-Sep-2026,25.4%
BALAMINES,BALAMINES,⏳ WAIT,Standard,2069.4,1916.64,2214.26,2100.0,2629.8,07-Sep-2026,963.33,30-Mar-2026,4542.84,11-Oct-2021,119.5%
BAJFINANCE,BAJFINANCE,⏳ WAIT,Standard,960.05,927.93,1027.25,1000.0,1176.4,03-Aug-2026,783.09,23-Mar-2026,1176.4,03-Aug-2026,22.5%
BAJAJHLDNG,BAJAJHLDNG,⏳ WAIT,Standard,10707.0,10310.85,11456.49,10750.0,13011.98,06-Nov-2025,8433.72,02-Apr-2026,14426.44,18-Aug-2025,34.7%
BALUFORGE,BALUFORGE,⏳ WAIT,Standard,481.75,474.21,515.47,500.0,677.8,10-Oct-2025,340.95,29-Jan-2026,886.49,24-Sep-2024,84.0%
BAJAJELEC,BAJAJELEC,⏳ WAIT,Standard,294.65,286.16,315.28,300.0,555.94,16-Oct-2025,289.05,08-Oct-2026,1269.55,22-Dec-2021,330.9%
BAJAJFINSV,BAJAJFINSV,⏳ WAIT,Standard,1731.5,1683.0,1852.71,1750.0,2193.13,23-Oct-2025,1595.64,02-Apr-2026,2193.13,23-Oct-2025,26.7%
ASTRAL,ASTRAL,⏳ WAIT,Standard,1417.1,1302.94,1516.3,1450.0,1765.92,11-Mar-2026,1309.54,09-Jul-2026,2438.47,02-Jul-2024,72.1%
ATLANTAELE,ATLANTAELE,⏳ WAIT,⚡ VCP + VDU,1785.0,1534.8,1909.95,1800.0,2152.6,04-Jun-2026,707.6,27-Jan-2026,2152.6,04-Jun-2026,20.6%
ATUL,ATUL,⏳ WAIT,Standard,5889.5,5740.02,6301.76,5900.0,7144.77,07-May-2026,5533.22,21-Jan-2026,10763.82,11-Oct-2021,82.8%
APARINDS,APARINDS,⏳ WAIT,⚡ VCP + VDU,18154.0,16785.45,19424.78,18200.0,19265.0,22-Sep-2026,6777.47,21-Jan-2026,19265.0,22-Sep-2026,6.1%
ALOKINDS,ALOKINDS,⏳ WAIT,Standard,8.55,6.85,9.15,10.0,18.45,16-Oct-2025,6.92,01-Oct-2026,39.05,09-Jan-2024,356.7%
ARE&M,ARE&M,⏳ WAIT,Standard,721.1,708.94,771.58,750.0,1017.3,12-Aug-2026,666.01,30-Mar-2026,1732.94,26-Jun-2024,140.3%
AMBER,AMBER,⏳ WAIT,Standard,6458.0,6316.2,6910.06,6500.0,8974.0,07-May-2026,5400.5,27-Jan-2026,8974.0,07-May-2026,39.0%
AMBUJACEM,AMBUJACEM,⏳ WAIT,Standard,346.8,337.59,371.08,350.0,585.85,04-Nov-2025,341.0,08-Oct-2026,700.9,02-Jul-2024,102.1%
ARVIND,ARVIND,⏳ WAIT,Standard,503.2,494.11,538.42,550.0,607.15,09-Sep-2026,275.69,13-Oct-2025,607.15,09-Sep-2026,20.7%
ANURAS,ANURAS,⏳ WAIT,Standard,1113.0,1072.96,1190.91,1150.0,1413.2,07-May-2026,1046.57,20-Oct-2025,1413.2,07-May-2026,27.0%
APTUS,APTUS,⏳ WAIT,Standard,214.65,212.5,229.68,250.0,326.69,03-Oct-2025,191.24,30-Mar-2026,389.74,14-Oct-2024,81.6%
APOLLOTYRE,APOLLOTYRE,⏳ WAIT,Standard,400.7,382.44,428.75,450.0,533.71,14-Nov-2025,363.22,20-May-2026,571.44,26-Sep-2024,42.6%
APOLLOHOSP,APOLLOHOSP,⏳ WAIT,Standard,7949.0,7531.42,8505.43,7950.0,9070.5,23-Sep-2026,6679.85,23-Jan-2026,9070.5,23-Sep-2026,14.1%
ASHOKA,ASHOKA,⏳ WAIT,Standard,102.19,99.31,109.34,110.0,214.5,04-Nov-2025,100.31,09-Oct-2026,319.0,31-Dec-2024,212.2%
ASTERDM,ASTERDM,⏳ WAIT,Standard,693.6,667.36,742.15,700.0,891.3,10-Aug-2026,516.84,04-Feb-2026,891.3,10-Aug-2026,28.5%
ARVINDFASN,ARVINDFASN,⏳ WAIT,Standard,392.65,369.62,420.14,400.0,567.02,03-Nov-2025,364.92,30-Mar-2026,635.51,16-Oct-2024,61.9%
ASTRAMICRO,ASTRAMICRO,⏳ WAIT,Standard,1631.3,1561.82,1745.49,1650.0,1957.23,31-Jul-2026,849.8,30-Mar-2026,1957.23,31-Jul-2026,20.0%
ACI,ACI,⏳ WAIT,Standard,458.1,451.44,490.17,500.0,700.94,03-Oct-2025,446.0,16-Sep-2026,828.56,27-Feb-2024,80.9%
ATHERENERG,ATHERENERG,⏳ WAIT,Standard,1407.0,1354.91,1505.49,1450.0,1744.0,01-Sep-2026,582.0,06-Oct-2025,1744.0,01-Sep-2026,24.0%
ASHAPURMIN,ASHAPURMIN,⏳ WAIT,Standard,475.25,462.48,508.52,500.0,921.42,07-Jan-2026,453.39,30-Mar-2026,921.42,07-Jan-2026,93.9%
ASIANPAINT,ASIANPAINT,⏳ WAIT,Standard,2356.6,2288.48,2521.56,2400.0,2960.02,04-Dec-2025,2096.81,23-Mar-2026,3454.02,24-Jul-2023,46.6%
ASHOKLEY,ASHOKLEY,⏳ WAIT,Standard,146.56,142.21,156.82,150.0,211.81,11-Feb-2026,131.07,17-Oct-2025,211.81,11-Feb-2026,44.5%
DABUR,DABUR,⏳ WAIT,Standard,383.75,369.47,410.61,400.0,527.16,05-Jan-2026,368.05,09-Sep-2026,650.0,17-Sep-2024,69.4%
CUMMINSIND,CUMMINSIND,⏳ WAIT,Standard,4828.3,4624.39,5166.28,4850.0,6049.82,29-May-2026,3784.26,03-Oct-2025,6049.82,29-May-2026,25.3%
JYOTHYLAB,JYOTHYLAB,⏳ WAIT,Standard,185.11,178.2,198.07,190.0,319.32,21-Oct-2025,180.0,05-Oct-2026,579.44,11-Sep-2024,213.0%
HONAUT,HONAUT,⏳ WAIT,Standard,32585.0,32046.3,34865.95,32600.0,41495.0,29-Jul-2026,26146.08,30-Mar-2026,59548.56,26-Jun-2024,82.7%
ICICIPRULI,ICICIPRULI,⏳ WAIT,Standard,460.7,437.38,492.95,500.0,704.36,13-Jan-2026,441.8,01-Oct-2026,792.99,01-Oct-2024,72.1%
IRB,IRB,⏳ WAIT,Standard,17.48,16.58,18.7,20.0,23.84,21-May-2026,16.75,29-Sep-2026,38.49,07-Jun-2024,120.2%
INDIAGLYCO,INDIAGLYCO,⏳ WAIT,Standard,344.0,287.1,368.08,350.0,1219.0,25-Aug-2026,217.0,02-Sep-2026,1219.0,25-Aug-2026,254.4%
ITC,ITC,⏳ WAIT,Standard,262.45,250.62,280.82,300.0,406.57,31-Oct-2025,253.15,08-Oct-2026,469.05,27-Sep-2024,78.7%
ITCHOTELS,ITCHOTELS,⏳ WAIT,Standard,154.97,151.69,165.82,160.0,225.15,27-Oct-2025,136.41,30-Mar-2026,259.92,21-Jul-2025,67.7%
IRCON,IRCON,⏳ WAIT,Standard,104.11,100.58,111.4,110.0,183.79,26-Dec-2025,101.6,29-Sep-2026,339.26,15-Jul-2024,225.9%
INOXINDIA,INOXINDIA,⏳ WAIT,⚡ VCP + VDU,2062.9,1960.2,2207.3,2100.0,2339.5,10-Sep-2026,1066.92,27-Jan-2026,2339.5,10-Sep-2026,13.4%
ITI,ITI,⏳ WAIT,Standard,239.24,234.16,255.99,250.0,372.85,08-Oct-2025,236.53,09-Oct-2026,592.7,07-Jan-2025,147.7%
INDIACEM,INDIACEM,⏳ WAIT,Standard,292.85,286.31,313.35,300.0,485.8,08-Jan-2026,289.2,07-Oct-2026,485.8,08-Jan-2026,65.9%
INDIASHLTR,INDIASHLTR,⏳ WAIT,Standard,647.1,613.95,692.4,650.0,911.97,18-Nov-2025,620.15,02-Sep-2026,998.58,21-Jul-2025,54.3%
INDIAMART,INDIAMART,⏳ WAIT,Standard,1609.6,1549.45,1722.27,1650.0,2455.0,13-Nov-2025,1565.1,05-Oct-2026,4568.44,18-Oct-2021,183.8%
INDIANB,INDIANB,⏳ WAIT,Standard,820.7,778.98,878.15,850.0,980.02,15-Apr-2026,726.52,03-Oct-2025,980.02,15-Apr-2026,19.4%
IEX,IEX,⏳ WAIT,Standard,104.64,102.46,111.96,110.0,155.9,09-Jan-2026,103.5,08-Oct-2026,294.42,19-Oct-2021,181.4%
INDHOTEL,INDHOTEL,⏳ WAIT,Standard,720.45,697.55,770.88,750.0,757.4,31-Jul-2026,562.49,02-Apr-2026,888.32,30-Dec-2024,23.3%
INDIGOPNTS,INDIGOPNTS,⏳ WAIT,Standard,1030.4,1017.92,1102.53,1050.0,1340.21,18-Nov-2025,705.06,30-Mar-2026,2533.02,11-Oct-2021,145.8%
IOC,IOC,⏳ WAIT,Standard,126.05,124.02,134.87,130.0,184.96,27-Feb-2026,125.27,08-Oct-2026,184.96,27-Feb-2026,46.7%
IMFA,IMFA,⏳ WAIT,Standard,1162.9,1136.52,1244.3,1200.0,1670.79,29-Apr-2026,1057.3,27-Oct-2025,1670.79,29-Apr-2026,43.7%
IRFC,IRFC,⏳ WAIT,Standard,74.76,73.32,79.99,80.0,135.73,29-Dec-2025,74.06,09-Oct-2026,221.22,15-Jul-2024,195.9%
IRCTC,IRCTC,⏳ WAIT,Standard,457.4,442.33,489.42,500.0,725.68,29-Oct-2025,446.03,16-Sep-2026,1222.42,19-Oct-2021,167.3%
HYUNDAI,HYUNDAI,⏳ WAIT,Standard,1930.4,1878.23,2065.53,1950.0,2567.38,03-Oct-2025,1642.32,06-Apr-2026,2862.66,22-Sep-2025,48.3%
ICICIGI,ICICIGI,⏳ WAIT,Standard,1681.9,1483.22,1799.63,1700.0,2057.09,13-Nov-2025,1423.1,15-Sep-2026,2270.75,23-Sep-2024,35.0%
HAL,HAL,⏳ WAIT,Standard,4682.0,4503.81,5009.74,4700.0,5149.9,17-Aug-2026,3472.06,30-Mar-2026,5542.24,09-Jul-2024,18.4%
HUDCO,HUDCO,⏳ WAIT,Standard,158.87,154.24,169.99,160.0,239.22,18-Nov-2025,155.8,06-Oct-2026,330.57,12-Jul-2024,108.1%
HINDCOPPER,HINDCOPPER,⏳ WAIT,Standard,471.65,445.5,504.67,500.0,755.97,29-Jan-2026,306.84,24-Nov-2025,755.97,29-Jan-2026,60.3%
HAVELLS,HAVELLS,⏳ WAIT,Standard,1031.7,1004.95,1103.92,1050.0,1507.85,10-Oct-2025,1015.1,30-Sep-2026,2075.88,23-Sep-2024,101.2%
HAPPSTMNDS,HAPPSTMNDS,⏳ WAIT,Standard,306.4,297.0,327.85,350.0,526.54,07-Oct-2025,300.0,01-Oct-2026,1382.84,18-Oct-2021,351.3%
HEROMOTOCO,HEROMOTOCO,⏳ WAIT,Standard,4935.5,4776.75,5280.98,4950.0,6175.52,05-Dec-2025,4603.78,30-Jun-2026,6175.52,05-Dec-2025,25.1%
POWERINDIA,POWERINDIA,⏳ WAIT,Standard,30570.0,29566.35,32709.9,30600.0,38775.74,01-Jun-2026,16107.15,16-Jan-2026,38775.74,01-Jun-2026,26.8%
HEMIPROP,HEMIPROP,⏳ WAIT,Standard,109.74,107.07,117.42,110.0,190.69,03-Oct-2025,108.15,09-Oct-2026,264.95,05-Feb-2024,141.4%
HCG,HCG,⏳ WAIT,Standard,603.85,594.0,646.12,650.0,804.65,24-Oct-2025,513.3,30-Mar-2026,804.65,24-Oct-2025,33.3%
HINDALCO,HINDALCO,⏳ WAIT,Standard,896.55,877.64,959.31,900.0,1169.9,29-May-2026,750.53,14-Oct-2025,1169.9,29-May-2026,30.5%
HINDUNILVR,HINDUNILVR,⏳ WAIT,Standard,1858.6,1808.63,1988.7,1900.0,2619.75,23-Oct-2025,1826.9,01-Oct-2026,2916.05,23-Sep-2024,56.9%
HINDPETRO,HINDPETRO,⏳ WAIT,Standard,324.7,321.45,347.43,350.0,483.54,05-Jan-2026,300.71,23-Mar-2026,483.54,05-Jan-2026,48.9%
HINDZINC,HINDZINC,⏳ WAIT,Standard,541.35,525.44,579.24,550.0,719.85,27-Jan-2026,445.36,24-Nov-2025,749.99,22-May-2024,38.5%
HOMEFIRST,HOMEFIRST,⏳ WAIT,Standard,1091.1,1046.63,1167.48,1100.0,1311.57,27-Jan-2026,889.54,30-Mar-2026,1511.93,25-Jul-2025,38.6%
IDBI,IDBI,⏳ WAIT,Standard,83.05,80.51,88.86,90.0,118.38,05-Jan-2026,61.01,30-Mar-2026,118.38,05-Jan-2026,42.5%
HONASA,HONASA,⏳ WAIT,⚡ VCP + VDU,468.7,409.71,501.51,500.0,506.65,17-Aug-2026,246.86,11-Dec-2025,543.62,10-Sep-2024,16.0%
IDFCFIRSTB,IDFCFIRSTB,⏳ WAIT,Standard,79.24,77.23,84.79,80.0,89.61,23-Sep-2026,57.91,02-Apr-2026,100.08,05-Sep-2023,26.3%
IFCI,IFCI,⏳ WAIT,Standard,66.07,62.67,70.69,70.0,107.5,04-Sep-2026,46.23,18-Dec-2025,107.5,04-Sep-2026,62.7%
ICICIBANK,ICICIBANK,⏳ WAIT,Standard,1348.3,1278.09,1442.68,1350.0,1467.63,20-Jul-2026,1177.67,02-Apr-2026,1476.07,25-Jul-2025,9.5%
IFBIND,IFBIND,⏳ WAIT,Standard,1171.5,1128.6,1253.51,1200.0,2019.8,31-Oct-2025,883.2,30-Mar-2026,2359.9,21-Oct-2024,101.4%
IIFL,IIFL,⏳ WAIT,Standard,593.65,560.64,635.21,600.0,705.0,24-Aug-2026,409.1,27-Apr-2026,705.0,24-Aug-2026,18.8%
NAUKRI,NAUKRI,⏳ WAIT,Standard,1211.3,1168.5,1296.09,1250.0,1409.94,24-Oct-2025,905.51,25-May-2026,1808.5,06-Jan-2025,49.3%
IOB,IOB,⏳ WAIT,Standard,30.51,29.77,32.65,40.0,41.8,23-Oct-2025,30.07,01-Oct-2026,83.75,08-Feb-2024,174.5%
IREDA,IREDA,⏳ WAIT,Standard,104.44,102.38,111.75,110.0,156.82,15-Oct-2025,103.41,08-Oct-2026,306.32,15-Jul-2024,193.3%
IGL,IGL,⏳ WAIT,Standard,142.53,136.39,152.51,150.0,217.03,08-Oct-2025,137.77,29-Sep-2026,271.17,01-Oct-2024,90.3%
JINDALSAW,JINDALSAW,⏳ WAIT,Standard,268.4,257.99,287.19,300.0,320.0,10-Sep-2026,151.6,09-Dec-2025,376.84,09-Oct-2024,40.4%
JSWDULUX,JSWDULUX,⏳ WAIT,Standard,3001.9,2899.61,3212.03,3050.0,3687.56,02-Dec-2025,2626.09,09-Mar-2026,4288.57,01-Nov-2024,42.9%
JAINREC,JAINREC,⏳ WAIT,Standard,285.9,274.33,305.91,300.0,593.95,08-May-2026,271.0,21-Sep-2026,593.95,08-May-2026,107.7%
JAMNAAUTO,JAMNAAUTO,⏳ WAIT,⚡ VCP + VDU,143.97,127.04,154.05,150.0,154.0,07-Oct-2026,87.89,07-Nov-2025,154.0,07-Oct-2026,7.0%
JSWENERGY,JSWENERGY,⏳ WAIT,Standard,463.5,456.59,495.95,500.0,615.26,29-May-2026,426.3,27-Jan-2026,799.01,24-Sep-2024,72.4%
JSWSTEEL,JSWSTEEL,⏳ WAIT,Standard,1167.8,1153.55,1249.55,1200.0,1351.0,27-Aug-2026,1067.07,18-Dec-2025,1351.0,27-Aug-2026,15.7%
JPPOWER,JPPOWER,⏳ WAIT,Standard,14.42,13.98,15.43,20.0,24.5,29-May-2026,13.15,09-Mar-2026,27.7,14-Jul-2025,92.1%
JINDALSTEL,JINDALSTEL,⏳ WAIT,Standard,1016.0,996.04,1087.12,1050.0,1303.87,21-Apr-2026,975.35,09-Dec-2025,1303.87,21-Apr-2026,28.3%
JSLL,JSLL,⏳ WAIT,Standard,372.5,356.15,398.58,400.0,831.6,03-Oct-2025,359.75,09-Oct-2026,2473.23,09-Dec-2024,564.0%
JSL,JSL,⏳ WAIT,Standard,706.3,695.87,755.74,750.0,879.22,07-Jan-2026,649.53,11-Jun-2026,879.22,07-Jan-2026,24.5%
AUBANK,AUBANK,⏳ WAIT,Standard,981.8,964.26,1050.53,1000.0,1144.1,25-Aug-2026,720.0,03-Oct-2025,1144.1,25-Aug-2026,16.5%
JIOFIN,JIOFIN,⏳ WAIT,Standard,214.56,206.42,229.58,250.0,316.11,17-Nov-2025,208.5,01-Oct-2026,393.16,23-Apr-2024,83.2%
KPRMILL,KPRMILL,⏳ WAIT,Standard,1050.8,1017.13,1124.36,1100.0,1331.08,24-Jun-2026,794.35,12-Mar-2026,1379.22,09-May-2025,31.3%
JUBLFOOD,JUBLFOOD,⏳ WAIT,Standard,424.85,417.88,454.59,450.0,633.2,06-Oct-2025,407.64,07-Apr-2026,907.73,18-Oct-2021,113.7%
JUBLINGREA,JUBLINGREA,⏳ WAIT,Standard,615.2,606.18,658.26,650.0,792.33,22-Jul-2026,535.5,09-Mar-2026,872.89,06-Jan-2025,41.9%
JUBLPHARMA,JUBLPHARMA,⏳ WAIT,Standard,924.0,908.42,988.68,950.0,1178.7,21-Oct-2025,782.0,09-Mar-2026,1297.61,07-Nov-2024,40.4%
JLHL,JLHL,⏳ WAIT,Standard,252.55,244.63,270.23,300.0,340.0,30-Jul-2026,235.42,06-Apr-2026,353.49,25-Mar-2025,40.0%
JWL,JWL,⏳ WAIT,Standard,213.9,211.07,228.87,250.0,358.25,23-Dec-2025,213.2,09-Oct-2026,744.33,05-Jul-2024,248.0%
KRN,KRN,⏳ WAIT,Standard,1408.0,1348.48,1506.56,1450.0,1687.0,09-Sep-2026,589.8,27-Jan-2026,1687.0,09-Sep-2026,19.8%
JAYNECOIND,JAYNECOIND,⏳ WAIT,Standard,90.83,85.9,97.19,100.0,117.0,08-May-2026,64.4,08-Dec-2025,117.0,08-May-2026,28.8%
JSFB,JSFB,⏳ WAIT,Standard,498.55,461.04,533.45,500.0,606.95,21-Aug-2026,330.0,23-Mar-2026,760.9,19-Jun-2024,52.6%
J&KBANK,J&KBANK,⏳ WAIT,Standard,136.75,133.67,146.32,140.0,201.75,10-Jul-2026,97.35,30-Dec-2025,201.75,10-Jul-2026,47.5%
IGIL,IGIL,⏳ WAIT,Standard,309.4,301.06,331.06,350.0,385.39,26-May-2026,282.67,27-Jan-2026,624.06,09-Jan-2025,101.7%
INDUSINDBK,INDUSINDBK,⏳ WAIT,Standard,861.05,848.43,921.32,900.0,1077.85,22-Jul-2026,725.13,20-Oct-2025,1673.18,15-Jan-2024,94.3%
IKS,IKS,⏳ WAIT,Standard,1731.0,1676.37,1852.17,1750.0,1970.0,23-Sep-2026,1262.0,23-Mar-2026,2189.0,26-Dec-2024,26.5%
INFY,INFY,⏳ WAIT,Standard,1015.85,970.6,1086.96,1050.0,1691.4,03-Feb-2026,980.4,29-Sep-2026,1907.5,13-Dec-2024,87.8%
INDUSTOWER,INDUSTOWER,⏳ WAIT,Standard,375.4,351.99,401.68,400.0,464.04,19-Feb-2026,325.55,14-Oct-2025,464.04,19-Feb-2026,23.6%
INOXGREEN,INOXGREEN,⏳ WAIT,Standard,117.71,107.61,125.95,120.0,279.0,03-Nov-2025,108.7,08-Oct-2026,279.0,03-Nov-2025,137.0%
INDIGO,INDIGO,⏳ WAIT,Standard,4845.9,4734.38,5185.11,4850.0,5970.0,24-Nov-2025,3895.2,23-Mar-2026,6232.5,18-Aug-2025,28.6%
INTELLECT,INTELLECT,⏳ WAIT,Standard,580.0,558.41,620.6,600.0,1232.73,03-Nov-2025,564.05,08-Oct-2026,1235.76,17-Jun-2025,113.1%
INOXWIND,INOXWIND,⏳ WAIT,Standard,65.55,61.81,70.14,70.0,159.3,29-Oct-2025,62.43,08-Oct-2026,261.9,23-Sep-2024,299.5%
IONEXCHANG,IONEXCHANG,⏳ WAIT,Standard,390.3,379.76,417.62,400.0,484.36,13-Jul-2026,311.65,23-Mar-2026,761.38,26-Jul-2024,95.1%
JSWCEMENT,JSWCEMENT,⏳ WAIT,Standard,112.0,108.52,119.84,120.0,143.4,21-Jul-2026,106.26,04-Dec-2025,161.55,04-Sep-2025,44.2%
JKCEMENT,JKCEMENT,⏳ WAIT,Standard,4940.0,4762.39,5285.8,4950.0,6739.42,14-Oct-2025,4654.18,12-Jun-2026,7537.45,20-Aug-2025,52.6%
JAIBALAJI,JAIBALAJI,⏳ WAIT,Standard,68.34,58.91,73.12,70.0,102.0,03-Oct-2025,53.65,30-Mar-2026,262.8,01-Mar-2024,284.5%
JKLAKSHMI,JKLAKSHMI,⏳ WAIT,Standard,466.15,460.2,498.78,500.0,874.97,03-Nov-2025,464.85,09-Oct-2026,1009.69,22-Jul-2025,116.6%
JKPAPER,JKPAPER,⏳ WAIT,Standard,366.15,356.94,391.78,400.0,442.0,17-Sep-2026,301.69,30-Mar-2026,616.92,02-Jul-2024,68.5%
JBMA,JBMA,⏳ WAIT,Standard,528.3,518.02,565.28,550.0,737.48,22-Jun-2026,476.34,16-Mar-2026,1209.93,19-Feb-2024,129.0%
JKTYRE,JKTYRE,⏳ WAIT,Standard,332.25,323.73,355.51,350.0,605.8,11-Feb-2026,327.0,09-Oct-2026,605.8,11-Feb-2026,82.3%
JSWINFRA,JSWINFRA,⏳ WAIT,Standard,339.0,328.14,362.73,350.0,375.5,22-Sep-2026,232.72,07-Apr-2026,375.5,22-Sep-2026,10.8%
JMFINANCIL,JMFINANCIL,⏳ WAIT,Standard,119.11,117.82,127.45,120.0,177.99,16-Oct-2025,110.31,30-Mar-2026,194.86,22-Aug-2025,63.6%
HCC,HCC,⏳ WAIT,Standard,18.84,18.17,20.16,20.0,29.5,29-Oct-2025,13.65,30-Mar-2026,57.5,26-Jul-2024,205.2%
HEGAM,HEGAM,⏳ WAIT,Standard,231.21,227.65,247.39,250.0,753.9,01-Sep-2026,214.1,16-Sep-2026,753.9,01-Sep-2026,226.1%
DIXON,DIXON,⏳ WAIT,Standard,12750.0,12475.98,13642.5,12750.0,17491.54,10-Oct-2025,9592.62,30-Mar-2026,19125.66,17-Dec-2024,50.0%
ELECTCAST,ELECTCAST,⏳ WAIT,Standard,73.75,69.4,78.91,80.0,97.78,17-Oct-2025,59.41,09-Mar-2026,230.39,13-Sep-2024,212.4%
ETHOSLTD,ETHOSLTD,⏳ WAIT,Standard,2586.1,2386.3,2767.13,2600.0,3245.9,27-Nov-2025,1919.4,16-Mar-2026,3524.95,13-Sep-2024,36.3%
ENGINERSIN,ENGINERSIN,⏳ WAIT,⚡ VCP + VDU,290.15,274.97,310.46,300.0,321.4,28-Sep-2026,161.03,27-Jan-2026,321.4,28-Sep-2026,10.8%
EXIDEIND,EXIDEIND,⏳ WAIT,Standard,392.65,387.39,420.14,400.0,496.4,11-Aug-2026,285.63,30-Mar-2026,611.9,25-Jun-2024,55.8%
ENDURANCE,ENDURANCE,⏳ WAIT,Standard,2416.0,2377.98,2585.12,2450.0,3072.0,21-Aug-2026,2134.01,02-Apr-2026,3072.0,21-Aug-2026,27.2%
FEDERALBNK,FEDERALBNK,⏳ WAIT,Standard,326.45,310.61,349.3,350.0,370.43,03-Aug-2026,191.15,06-Oct-2025,370.43,03-Aug-2026,13.5%
ERIS,ERIS,⏳ WAIT,Standard,1166.9,1129.59,1248.58,1200.0,1730.71,09-Dec-2025,1141.0,07-Oct-2026,1899.81,12-Jun-2025,62.8%
ESCORTS,ESCORTS,⏳ WAIT,Standard,2730.6,2524.6,2921.74,2750.0,3923.39,06-Jan-2026,2550.1,01-Oct-2026,4311.05,27-Sep-2024,57.9%
ETERNAL,ETERNAL,⏳ WAIT,⚡ VCP + VDU,321.45,305.02,343.95,350.0,368.45,16-Oct-2025,212.6,16-Mar-2026,368.45,16-Oct-2025,14.6%
EQUITASBNK,EQUITASBNK,⏳ WAIT,Standard,66.4,63.98,71.05,70.0,83.9,15-Jul-2026,51.25,30-Mar-2026,115.02,12-Jan-2024,73.2%
EUREKAFORB,EUREKAFORB,⏳ WAIT,Standard,337.5,331.65,361.12,350.0,668.3,28-Nov-2025,335.0,09-Oct-2026,668.3,28-Nov-2025,98.0%
FIVESTAR,FIVESTAR,⏳ WAIT,Standard,498.85,486.09,533.77,500.0,663.59,31-Oct-2025,336.93,23-Mar-2026,937.09,24-Oct-2024,87.8%
NYKAA,NYKAA,⏳ WAIT,⚡ VCP + VDU,341.25,312.84,365.14,350.0,349.55,31-Aug-2026,231.24,01-Oct-2025,428.95,26-Nov-2021,25.7%
FEDFINA,FEDFINA,⏳ WAIT,Standard,145.93,141.57,156.15,150.0,178.48,14-Jan-2026,119.07,09-Mar-2026,178.48,14-Jan-2026,22.3%
UTLSOLAR,UTLSOLAR,⏳ WAIT,Standard,406.35,380.26,434.79,450.0,494.25,20-Aug-2026,172.0,05-Mar-2026,494.25,20-Aug-2026,21.6%
FINPIPE,FINPIPE,⏳ WAIT,Standard,151.5,146.62,162.11,160.0,203.07,03-Oct-2025,144.96,30-Mar-2026,341.14,07-Jun-2024,125.2%
GVT&D,GVT&D,⏳ WAIT,Standard,4213.6,4060.39,4508.55,4250.0,5636.05,23-Jun-2026,2516.97,21-Jan-2026,5636.05,23-Jun-2026,33.8%
FIEMIND,FIEMIND,⏳ WAIT,Standard,1748.6,1714.88,1871.0,1750.0,2674.8,12-Aug-2026,1732.2,09-Oct-2026,2674.8,12-Aug-2026,53.0%
FACT,FACT,⏳ WAIT,Standard,723.95,707.95,774.63,750.0,1058.6,16-Jun-2026,652.1,09-Mar-2026,1185.35,21-Jun-2024,63.7%
FSL,FSL,⏳ WAIT,⚡ VCP + VDU,268.6,244.53,287.4,300.0,363.81,19-Nov-2025,202.0,02-Mar-2026,408.75,07-Jan-2025,52.2%
EMAMILTD,EMAMILTD,⏳ WAIT,Standard,370.0,362.44,395.9,400.0,549.13,06-Oct-2025,361.15,01-Sep-2026,827.13,06-Sep-2024,123.5%
ELECON,ELECON,⏳ WAIT,Standard,421.4,407.63,450.9,450.0,623.65,07-Oct-2025,351.0,30-Mar-2026,733.99,17-Oct-2024,74.2%
HSCL,HSCL,⏳ WAIT,Standard,657.35,644.64,703.36,700.0,819.5,21-Jul-2026,417.93,24-Nov-2025,819.5,21-Jul-2026,24.7%
ELLEN,ELLEN,⏳ WAIT,⚡ VCP + VDU,344.1,326.8,368.19,350.0,480.0,03-Oct-2025,175.0,17-Mar-2026,637.7,14-Jul-2025,85.3%
DOMS,DOMS,⏳ WAIT,Standard,2054.2,1999.8,2197.99,2100.0,2750.44,05-Feb-2026,2020.0,29-Sep-2026,3106.07,17-Dec-2024,51.2%
DATAMATICS,DATAMATICS,⏳ WAIT,Standard,745.95,726.66,798.17,750.0,1003.53,31-Oct-2025,627.95,30-Mar-2026,1106.82,07-Aug-2025,48.4%
DEEPAKNTR,DEEPAKNTR,⏳ WAIT,Standard,1602.0,1458.37,1714.14,1650.0,1889.27,12-May-2026,1274.18,30-Mar-2026,3141.59,01-Aug-2024,96.1%
DIACABS,DIACABS,⏳ WAIT,⚡ VCP + VDU,362.2,330.31,387.55,400.0,404.0,16-Sep-2026,115.57,02-Feb-2026,404.0,16-Sep-2026,11.5%
DBL,DBL,⏳ WAIT,Standard,396.95,389.17,424.74,400.0,536.87,07-Oct-2025,380.6,24-Jul-2026,744.45,13-Oct-2021,87.5%
DELHIVERY,DELHIVERY,⏳ WAIT,Standard,399.3,389.96,427.25,400.0,524.0,10-Jul-2026,374.45,21-Jan-2026,708.0,21-Jul-2022,77.3%
EPL,EPL,⏳ WAIT,Standard,229.73,224.42,245.81,250.0,274.03,21-Aug-2026,176.4,16-Mar-2026,283.1,04-Dec-2024,23.2%
EDELWEISS,EDELWEISS,⏳ WAIT,Standard,127.8,125.07,136.75,130.0,146.0,23-Sep-2026,96.92,09-Dec-2025,146.0,23-Sep-2026,14.2%
DRREDDY,DRREDDY,⏳ WAIT,Standard,1196.0,1155.53,1279.72,1200.0,1405.98,29-Jun-2026,1101.0,23-Jul-2026,1405.98,29-Jun-2026,17.6%
AGARWALEYE,AGARWALEYE,⏳ WAIT,Standard,480.75,454.56,514.4,500.0,568.0,16-Oct-2025,401.0,30-Mar-2026,568.0,16-Oct-2025,18.1%
ELGIEQUIP,ELGIEQUIP,⏳ WAIT,Standard,573.2,562.32,613.32,600.0,653.4,07-Sep-2026,406.35,21-Jan-2026,789.72,24-Jun-2024,37.8%
DYNAMATECH,DYNAMATECH,⏳ WAIT,⚡ VCP + VDU,13265.0,12226.5,14193.55,13300.0,14409.0,06-Oct-2026,6756.7,08-Oct-2025,14409.0,06-Oct-2026,8.6%
EIDPARRY,EIDPARRY,⏳ WAIT,Standard,682.75,665.58,730.54,700.0,1118.0,28-Oct-2025,672.3,01-Oct-2026,1246.8,31-Jul-2025,82.6%
EMBDL,EMBDL,⏳ WAIT,Standard,55.5,54.5,59.39,60.0,99.21,03-Oct-2025,39.46,30-Mar-2026,195.9,09-Nov-2021,253.0%
EMCURE,EMCURE,⏳ WAIT,Standard,1833.6,1812.59,1961.95,1850.0,2100.7,18-Sep-2026,1257.55,01-Oct-2025,2100.7,18-Sep-2026,14.6%
EMMVEE,EMMVEE,⏳ WAIT,Standard,302.6,287.55,323.78,350.0,370.41,16-Jul-2026,170.98,18-Dec-2025,370.41,16-Jul-2026,22.4%
EIHOTEL,EIHOTEL,⏳ WAIT,Standard,290.0,284.67,310.3,300.0,412.08,03-Oct-2025,269.93,02-Apr-2026,496.59,10-Apr-2024,71.2%
EICHERMOT,EICHERMOT,⏳ WAIT,Standard,7031.0,6699.82,7523.17,7050.0,8165.0,17-Aug-2026,6375.24,07-Apr-2026,8165.0,17-Aug-2026,16.1%
EIEL,EIEL,⏳ WAIT,Standard,181.63,176.72,194.34,190.0,257.66,30-Oct-2025,134.71,09-Mar-2026,391.6,17-Dec-2024,115.6%
FORCEMOT,FORCEMOT,⏳ WAIT,Standard,16862.0,16354.8,18042.34,16900.0,26374.97,18-Feb-2026,14868.7,10-Oct-2025,26374.97,18-Feb-2026,56.4%
FORTIS,FORTIS,⏳ WAIT,Standard,791.25,737.9,846.64,800.0,1103.13,17-Oct-2025,745.35,01-Oct-2026,1103.13,17-Oct-2025,39.4%
GHCL,GHCL,⏳ WAIT,Standard,384.05,378.28,410.93,400.0,649.68,30-Oct-2025,382.1,09-Oct-2026,744.08,31-Jan-2025,93.7%
GAIL,GAIL,⏳ WAIT,Standard,166.81,164.64,178.49,170.0,181.85,03-Aug-2026,133.97,23-Mar-2026,228.17,31-Jul-2024,36.8%
GOKEX,GOKEX,⏳ WAIT,Standard,660.05,640.63,706.25,700.0,954.9,20-Nov-2025,531.0,27-Jan-2026,1262.15,18-Dec-2024,91.2%
GRAPHITE,GRAPHITE,⏳ WAIT,⚡ VCP + VDU,801.45,749.33,857.55,850.0,874.35,09-Sep-2026,510.59,09-Dec-2025,874.35,09-Sep-2026,9.1%
GRAVITA,GRAVITA,⏳ WAIT,Standard,1495.0,1374.12,1599.65,1500.0,1913.6,29-Dec-2025,1266.9,02-Apr-2026,2691.0,17-Sep-2024,80.0%
GESHIP,GESHIP,⏳ WAIT,⚡ VCP + VDU,1532.9,1451.34,1640.2,1550.0,1766.73,19-May-2026,951.41,01-Oct-2025,1766.73,19-May-2026,15.3%
GRASIM,GRASIM,⏳ WAIT,Standard,2871.0,2824.96,3071.97,2900.0,3411.1,10-Aug-2026,2494.73,23-Mar-2026,3411.1,10-Aug-2026,18.8%
GRINDWELL,GRINDWELL,⏳ WAIT,⚡ VCP + VDU,1989.4,1882.19,2128.66,2000.0,2455.0,16-Jul-2026,1316.5,23-Mar-2026,2885.85,04-Jul-2024,45.1%
GMDCLTD,GMDCLTD,⏳ WAIT,Standard,466.25,453.47,498.89,500.0,758.89,17-Apr-2026,458.05,09-Oct-2026,758.89,17-Apr-2026,62.8%
GPPL,GPPL,⏳ WAIT,⚡ VCP + VDU,168.77,156.08,180.58,170.0,194.17,08-Jan-2026,137.36,30-Mar-2026,220.9,13-Aug-2024,30.9%
HGINFRA,HGINFRA,⏳ WAIT,Standard,402.7,394.56,430.89,450.0,972.89,03-Oct-2025,398.55,06-Oct-2026,1867.49,16-Jul-2024,363.7%
HCLTECH,HCLTECH,⏳ WAIT,Standard,1201.1,1161.07,1285.18,1250.0,1729.01,03-Feb-2026,1019.59,01-Jul-2026,1869.31,13-Jan-2025,55.6%
HBLENGINE,HBLENGINE,⏳ WAIT,Standard,728.85,709.93,779.87,750.0,1117.56,10-Nov-2025,612.15,30-Mar-2026,1117.56,10-Nov-2025,53.3%
HFCL,HFCL,⏳ WAIT,Standard,253.1,197.01,270.82,300.0,275.91,07-Oct-2026,59.76,27-Jan-2026,275.91,07-Oct-2026,9.0%
HDBFS,HDBFS,⏳ WAIT,Standard,586.95,579.2,628.04,600.0,794.43,19-Dec-2025,553.72,30-Mar-2026,886.97,03-Jul-2025,51.1%
GNFC,GNFC,⏳ WAIT,⚡ VCP + VDU,599.5,570.24,641.46,600.0,636.0,25-Sep-2026,351.99,30-Mar-2026,780.96,05-Apr-2022,30.3%
HDFCAMC,HDFCAMC,⏳ WAIT,Standard,2280.9,2201.07,2440.56,2300.0,2903.74,16-Oct-2025,2158.39,30-Mar-2026,2903.74,16-Oct-2025,27.3%
GSFC,GSFC,⏳ WAIT,Standard,147.57,143.75,157.9,150.0,193.76,03-Oct-2025,134.5,30-Mar-2026,299.65,23-Jan-2024,103.1%
HDFCLIFE,HDFCLIFE,⏳ WAIT,⚡ VCP + VDU,556.05,508.27,594.97,600.0,785.7,26-Nov-2025,508.7,10-Sep-2026,817.84,30-Jun-2025,47.1%
HDFCBANK,HDFCBANK,⏳ WAIT,Standard,704.0,683.6,753.28,750.0,1003.9,23-Oct-2025,681.9,11-Sep-2026,1003.9,23-Oct-2025,42.6%
HEXT,HEXT,⏳ WAIT,Standard,534.0,471.49,571.38,550.0,792.77,04-Dec-2025,392.78,12-Mar-2026,876.24,09-Jul-2025,64.1%
GODREJPROP,GODREJPROP,⏳ WAIT,Standard,1548.8,1517.77,1657.22,1550.0,2340.69,27-Oct-2025,1427.1,02-Apr-2026,3386.33,16-Jul-2024,118.6%
FLUOROCHEM,FLUOROCHEM,⏳ WAIT,Standard,4452.3,4183.15,4763.96,4500.0,4955.62,13-Aug-2026,2914.67,28-Jan-2026,4955.62,13-Aug-2026,11.3%
GAEL,GAEL,⏳ WAIT,Standard,162.49,151.7,173.86,170.0,184.66,21-Aug-2026,101.02,14-Oct-2025,209.19,02-Feb-2024,28.7%
GLAND,GLAND,⏳ WAIT,⚡ VCP + VDU,3109.1,2812.69,3326.74,3150.0,3171.0,07-Oct-2026,1561.8,16-Mar-2026,3954.46,06-Jan-2022,27.2%
GMRAIRPORT,GMRAIRPORT,⏳ WAIT,Standard,89.48,86.8,95.74,90.0,115.64,07-Jul-2026,84.11,30-Mar-2026,115.64,07-Jul-2026,29.2%
GABRIEL,GABRIEL,⏳ WAIT,⚡ VCP + VDU,1360.1,1277.1,1455.31,1400.0,1596.7,05-Aug-2026,794.06,30-Mar-2026,1596.7,05-Aug-2026,17.4%
GALLANTT,GALLANTT,⏳ WAIT,Standard,510.0,495.0,545.7,550.0,944.53,16-Apr-2026,494.43,18-Dec-2025,944.53,16-Apr-2026,85.2%
MEDANTA,MEDANTA,⏳ WAIT,Standard,1304.5,1246.21,1395.82,1350.0,1544.0,27-Aug-2026,955.66,30-Mar-2026,1544.0,27-Aug-2026,18.4%
GICRE,GICRE,⏳ WAIT,Standard,313.85,305.22,335.82,350.0,402.4,16-Apr-2026,308.3,09-Oct-2026,492.37,20-Dec-2024,56.9%
GILLETTE,GILLETTE,⏳ WAIT,Standard,7188.0,6791.4,7691.16,7200.0,9440.29,03-Oct-2025,6860.0,01-Oct-2026,11125.12,15-Jul-2025,54.8%
GRSE,GRSE,⏳ WAIT,Standard,2066.9,1980.0,2211.58,2100.0,3329.44,29-Apr-2026,1958.08,30-Mar-2026,3503.66,23-Jun-2025,69.5%
GRWRHITECH,GRWRHITECH,⏳ WAIT,⚡ VCP + VDU,6925.5,6257.79,7410.29,6950.0,7975.48,06-Aug-2026,2685.81,21-Jan-2026,7975.48,06-Aug-2026,15.2%
GODREJIND,GODREJIND,⏳ WAIT,Standard,993.4,964.76,1062.94,1000.0,1443.0,10-Jul-2026,744.2,30-Mar-2026,1443.0,10-Jul-2026,45.3%
GODREJCP,GODREJCP,⏳ WAIT,Standard,868.0,824.27,928.76,900.0,1255.18,07-Jan-2026,832.6,05-Oct-2026,1488.38,11-Sep-2024,71.5%
GLAXO,GLAXO,⏳ WAIT,Standard,2543.7,2460.15,2721.76,2550.0,3120.7,28-Aug-2026,2088.1,12-Jun-2026,3428.43,05-Jun-2025,34.8%
GLENMARK,GLENMARK,⏳ WAIT,Standard,2268.7,2180.97,2427.51,2300.0,2535.08,28-Aug-2026,1790.82,28-Oct-2025,2535.08,28-Aug-2026,11.7%
GOKULAGRO,GOKULAGRO,⏳ WAIT,Standard,207.47,202.06,221.99,250.0,259.8,26-Aug-2026,151.0,27-Jan-2026,259.8,26-Aug-2026,25.2%
GRANULES,GRANULES,⏳ WAIT,Standard,832.1,792.0,890.35,850.0,923.65,15-Sep-2026,509.84,30-Sep-2025,923.65,15-Sep-2026,11.0%
GODFRYPHLP,GODFRYPHLP,⏳ WAIT,Standard,1802.0,1752.3,1928.14,1850.0,3416.47,06-Oct-2025,1770.0,08-Oct-2026,3868.28,16-Sep-2025,114.7%
GODIGIT,GODIGIT,⏳ WAIT,Standard,274.85,247.75,294.09,300.0,374.0,29-Oct-2025,231.65,21-Sep-2026,407.4,04-Sep-2024,48.2%
GPIL,GPIL,⏳ WAIT,Standard,205.81,201.78,220.22,250.0,318.68,20-May-2026,203.82,09-Oct-2026,753.22,29-Dec-2023,266.0%
GREAVESCOT,GREAVESCOT,⏳ WAIT,Standard,207.95,200.2,222.51,250.0,269.69,14-Jul-2026,119.01,30-Mar-2026,313.8,30-Dec-2024,50.9%
ZENSARTECH,ZENSARTECH,⏳ WAIT,Standard,447.5,411.99,478.83,450.0,799.71,23-Oct-2025,412.97,01-Jul-2026,945.79,01-Feb-2025,111.4%
