Company Name,Industry,Symbol,Series
360 ONE WAM Ltd.,Financial Services,360ONE,EQ
3M India Ltd.,Diversified,3MINDIA,EQ
ABB India Ltd.,Capital Goods,ABB,EQ
ACC Ltd.,Construction Materials,ACC,EQ
ACME Solar Holdings Ltd.,Power,ACMESOLAR,EQ
AIA Engineering Ltd.,Capital Goods,AIAENG,EQ
APL Apollo Tubes Ltd.,Capital Goods,APLAPOLLO,EQ
ASK Automotive Ltd.,Automobile and Auto Components,ASKAUTOLTD,EQ
AU Small Finance Bank Ltd.,Financial Services,AUBANK,EQ
AWL Agri Business Ltd.,Fast Moving Consumer Goods,AWL,EQ
AXISCADES Technologies Ltd.,Capital Goods,AXISCADES,EQ
Aadhar Housing Finance Ltd.,Financial Services,AADHARHFC,EQ
Aarti Drugs Ltd.,Healthcare,AARTIDRUGS,EQ
Aarti Industries Ltd.,Chemicals,AARTIIND,EQ
Aarti Pharmalabs Ltd.,Healthcare,AARTIPHARM,EQ
Aavas Financiers Ltd.,Financial Services,AAVAS,EQ
Abbott India Ltd.,Healthcare,ABBOTINDIA,EQ
Action Construction Equipment Ltd.,Capital Goods,ACE,EQ
Acutaas Chemicals Ltd.,Healthcare,ACUTAAS,EQ
Adani Energy Solutions Ltd.,Power,ADANIENSOL,EQ
Adani Enterprises Ltd.,Metals & Mining,ADANIENT,EQ
Adani Green Energy Ltd.,Power,ADANIGREEN,EQ
Adani Ports and Special Economic Zone Ltd.,Services,ADANIPORTS,EQ
Adani Power Ltd.,Power,ADANIPOWER,EQ
Adani Total Gas Ltd.,Oil Gas & Consumable Fuels,ATGL,EQ
Aditya Birla Capital Ltd.,Financial Services,ABCAPITAL,EQ
Aditya Birla Fashion and Retail Ltd.,Consumer Services,ABFRL,EQ
Aditya Birla Lifestyle Brands Ltd.,Consumer Services,ABLBL,EQ
Aditya Birla Real Estate Ltd.,Realty,ABREL,EQ
Aditya Birla Sun Life AMC Ltd.,Financial Services,ABSLAMC,EQ
Aditya Infotech Ltd.,Capital Goods,CPPLUS,EQ
Aditya Vision Ltd.,Consumer Services,AVL,EQ
Advanced Enzyme Tech Ltd.,Healthcare,ADVENZYMES,EQ
Aegis Logistics Ltd.,Oil Gas & Consumable Fuels,AEGISLOG,EQ
Aegis Vopak Terminals Ltd.,Oil Gas & Consumable Fuels,AEGISVOPAK,EQ
Aequs Ltd.,Capital Goods,AEQUS,EQ
Aether Industries Ltd.,Chemicals,AETHER,EQ
Afcons Infrastructure Ltd.,Construction,AFCONS,EQ
Affle 3i Ltd.,Information Technology,AFFLE,EQ
Ahluwalia Contracts (India) Ltd.,Construction,AHLUCONT,EQ
Ajanta Pharmaceuticals Ltd.,Healthcare,AJANTPHARM,EQ
Akums Drugs and Pharmaceuticals Ltd.,Healthcare,AKUMS,EQ
Alembic Pharmaceuticals Ltd.,Healthcare,APLLTD,EQ
Alivus Life Sciences Ltd.,Healthcare,ALIVUS,EQ
Alkem Laboratories Ltd.,Healthcare,ALKEM,EQ
Alkyl Amines Chemicals Ltd.,Chemicals,ALKYLAMINE,EQ
Allied Blenders and Distillers Ltd.,Fast Moving Consumer Goods,ABDL,EQ
Alok Industries Ltd.,Textiles,ALOKINDS,EQ
Amara Raja Energy & Mobility Ltd.,Automobile and Auto Components,ARE&M,EQ
Amber Enterprises India Ltd.,Consumer Durables,AMBER,EQ
Ambuja Cements Ltd.,Construction Materials,AMBUJACEM,EQ
Anand Rathi Wealth Ltd.,Financial Services,ANANDRATHI,EQ
Anant Raj Ltd.,Realty,ANANTRAJ,EQ
Angel One Ltd.,Financial Services,ANGELONE,EQ
Anthem Biosciences Ltd.,Healthcare,ANTHEM,EQ
Anupam Rasayan India Ltd.,Chemicals,ANURAS,EQ
Apar Industries Ltd.,Capital Goods,APARINDS,EQ
Apollo Hospitals Enterprise Ltd.,Healthcare,APOLLOHOSP,EQ
Apollo Micro Systems Ltd.,Capital Goods,APOLLO,EQ
Apollo Tyres Ltd.,Automobile and Auto Components,APOLLOTYRE,EQ
Aptus Value Housing Finance India Ltd.,Financial Services,APTUS,EQ
Archean Chemical Industries Ltd.,Chemicals,ACI,EQ
Arvind Fashions Ltd.,Consumer Services,ARVINDFASN,EQ
Arvind Ltd.,Textiles,ARVIND,EQ
Asahi India Glass Ltd.,Automobile and Auto Components,ASAHIINDIA,EQ
Ashapura Minechem Ltd.,Metals & Mining,ASHAPURMIN,EQ
Ashok Leyland Ltd.,Capital Goods,ASHOKLEY,EQ
Ashoka Buildcon Ltd.,Construction,ASHOKA,EQ
Asian Paints Ltd.,Consumer Durables,ASIANPAINT,EQ
Aster DM Quality Care Ltd.,Healthcare,ASTERDM,EQ
Astra Microwave Products Ltd.,Capital Goods,ASTRAMICRO,EQ
Astral Ltd.,Capital Goods,ASTRAL,EQ
Ather Energy Ltd.,Automobile and Auto Components,ATHERENERG,EQ
Atlanta Electricals Ltd.,Capital Goods,ATLANTAELE,EQ
Atul Ltd.,Chemicals,ATUL,EQ
Aurionpro Solution Ltd.,Information Technology,AURIONPRO,EQ
Aurobindo Pharma Ltd.,Healthcare,AUROPHARMA,EQ
Authum Investment & Infrastructure Ltd.,Financial Services,AIIL,EQ
Avalon Technologies Ltd.,Capital Goods,AVALON,EQ
Avanti Feeds Ltd.,Fast Moving Consumer Goods,AVANTIFEED,EQ
Avenue Supermarts Ltd.,Consumer Services,DMART,EQ
AvenuesAI Ltd.,Financial Services,CCAVENUE,EQ
Awfis Space Solutions Ltd.,Services,AWFIS,EQ
Axis Bank Ltd.,Financial Services,AXISBANK,EQ
Azad Engineering Ltd.,Capital Goods,AZAD,EQ
BEML Ltd.,Capital Goods,BEML,EQ
BLS International Services Ltd.,Consumer Services,BLS,EQ
BSE Ltd.,Financial Services,BSE,EQ
Bajaj Auto Ltd.,Automobile and Auto Components,BAJAJ-AUTO,EQ
Bajaj Electricals Ltd,Consumer Durables,BAJAJELEC,EQ
Bajaj Finance Ltd.,Financial Services,BAJFINANCE,EQ
Bajaj Finserv Ltd.,Financial Services,BAJAJFINSV,EQ
Bajaj Holdings & Investment Ltd.,Financial Services,BAJAJHLDNG,EQ
Bajaj Housing Finance Ltd.,Financial Services,BAJAJHFL,EQ
Balaji Amines Ltd.,Chemicals,BALAMINES,EQ
Balkrishna Industries Ltd.,Automobile and Auto Components,BALKRISIND,EQ
Balrampur Chini Mills Ltd.,Fast Moving Consumer Goods,BALRAMCHIN,EQ
Balu Forge Industries Ltd.,Capital Goods,BALUFORGE,EQ
Banco Products (India) Ltd.,Automobile and Auto Components,BANCOINDIA,EQ
Bandhan Bank Ltd.,Financial Services,BANDHANBNK,EQ
Bank of Baroda,Financial Services,BANKBARODA,EQ
Bank of India,Financial Services,BANKINDIA,EQ
Bank of Maharashtra,Financial Services,MAHABANK,EQ
Bata India Ltd.,Consumer Durables,BATAINDIA,EQ
Bayer Cropscience Ltd.,Chemicals,BAYERCROP,EQ
Belrise Industries Ltd.,Automobile and Auto Components,BELRISE,EQ
Berger Paints India Ltd.,Consumer Durables,BERGEPAINT,EQ
Bharat Dynamics Ltd.,Capital Goods,BDL,EQ
Bharat Electronics Ltd.,Capital Goods,BEL,EQ
Bharat Forge Ltd.,Automobile and Auto Components,BHARATFORG,EQ
Bharat Heavy Electricals Ltd.,Capital Goods,BHEL,EQ
Bharat Petroleum Corporation Ltd.,Oil Gas & Consumable Fuels,BPCL,EQ
Bharti Airtel Ltd.,Telecommunication,BHARTIARTL,EQ
Bharti Hexacom Ltd.,Telecommunication,BHARTIHEXA,EQ
Bikaji Foods International Ltd.,Fast Moving Consumer Goods,BIKAJI,EQ
Billionbrains Garage Ventures Ltd.,Financial Services,GROWW,EQ
Biocon Ltd.,Healthcare,BIOCON,EQ
Birla Corporation Ltd.,Construction Materials,BIRLACORPN,EQ
Birlasoft Ltd.,Information Technology,BSOFT,EQ
Black Box Ltd.,Information Technology,BBOX,EQ
Blackbuck Ltd.,Services,BLACKBUCK,EQ
Blue Dart Express Ltd.,Services,BLUEDART,EQ
Blue Jet Healthcare Ltd.,Healthcare,BLUEJET,EQ
Blue Star Ltd.,Consumer Durables,BLUESTARCO,EQ
BlueStone Jewellery and Lifestyle Ltd.,Consumer Durables,BLUESTONE,EQ
Bombay Burmah Trading Corporation Ltd.,Fast Moving Consumer Goods,BBTC,EQ
Borosil Renewables Ltd.,Capital Goods,BORORENEW,EQ
Bosch Ltd.,Automobile and Auto Components,BOSCHLTD,EQ
Brainbees Solutions Ltd.,Consumer Services,FIRSTCRY,EQ
Brigade Enterprises Ltd.,Realty,BRIGADE,EQ
Britannia Industries Ltd.,Fast Moving Consumer Goods,BRITANNIA,EQ
C.E. Info Systems Ltd.,Information Technology,MAPMYINDIA,EQ
CCL Products (I) Ltd.,Fast Moving Consumer Goods,CCL,EQ
CESC Ltd.,Power,CESC,EQ
CG Power and Industrial Solutions Ltd.,Capital Goods,CGPOWER,EQ
CIE Automotive India Ltd.,Automobile and Auto Components,CIEINDIA,EQ
CMS Info Systems Ltd.,Services,CMSINFO,EQ
CORONA Remedies Ltd.,Healthcare,CORONA,EQ
CRISIL Ltd.,Financial Services,CRISIL,EQ
CSB Bank Ltd.,Financial Services,CSBBANK,EQ
Campus Activewear Ltd.,Consumer Durables,CAMPUS,EQ
Can Fin Homes Ltd.,Financial Services,CANFINHOME,EQ
Canara Bank,Financial Services,CANBK,EQ
Canara HSBC Life Insurance Company Ltd.,Financial Services,CANHLIFE,EQ
Canara Robeco Asset Management Company Ltd.,Financial Services,CRAMC,EQ
Capillary Technologies India Ltd.,Information Technology,CAPILLARY,EQ
Caplin Point Laboratories Ltd.,Healthcare,CAPLIPOINT,EQ
Capri Global Capital Ltd.,Financial Services,CGCL,EQ
Carborundum Universal Ltd.,Capital Goods,CARBORUNIV,EQ
Cartrade Tech Ltd.,Consumer Services,CARTRADE,EQ
Castrol India Ltd.,Oil Gas & Consumable Fuels,CASTROLIND,EQ
Ceat Ltd.,Automobile and Auto Components,CEATLTD,EQ
Cello World Ltd.,Consumer Durables,CELLO,EQ
Cemindia Projects Ltd.,Construction,CEMPRO,EQ
Central Bank of India,Financial Services,CENTRALBK,EQ
Central Depository Services (India) Ltd.,Financial Services,CDSL,EQ
Century Plyboards (India) Ltd.,Consumer Durables,CENTURYPLY,EQ
Cera Sanitaryware Ltd,Consumer Durables,CERA,EQ
Chalet Hotels Ltd.,Consumer Services,CHALET,EQ
Chambal Fertilizers & Chemicals Ltd.,Chemicals,CHAMBLFERT,EQ
Chennai Petroleum Corporation Ltd.,Oil Gas & Consumable Fuels,CHENNPETRO,EQ
Choice International Ltd.,Financial Services,CHOICEIN,EQ
Cholamandalam Financial Holdings Ltd.,Financial Services,CHOLAHLDNG,EQ
Cholamandalam Investment and Finance Company Ltd.,Financial Services,CHOLAFIN,EQ
Cipla Ltd.,Healthcare,CIPLA,EQ
City Union Bank Ltd.,Financial Services,CUB,EQ
Clean Science and Technology Ltd.,Chemicals,CLEAN,EQ
Coal India Ltd.,Oil Gas & Consumable Fuels,COALINDIA,EQ
Cochin Shipyard Ltd.,Capital Goods,COCHINSHIP,EQ
Coforge Ltd.,Information Technology,COFORGE,EQ
Cohance Lifesciences Ltd.,Healthcare,COHANCE,EQ
Colgate Palmolive (India) Ltd.,Fast Moving Consumer Goods,COLPAL,EQ
Computer Age Management Services Ltd.,Financial Services,CAMS,EQ
Concord Biotech Ltd.,Healthcare,CONCORDBIO,EQ
Container Corporation of India Ltd.,Services,CONCOR,EQ
Coromandel International Ltd.,Chemicals,COROMANDEL,EQ
Craftsman Automation Ltd.,Automobile and Auto Components,CRAFTSMAN,EQ
CreditAccess Grameen Ltd.,Financial Services,CREDITACC,EQ
Crizac Ltd.,Consumer Services,CRIZAC,EQ
Crompton Greaves Consumer Electricals Ltd.,Consumer Durables,CROMPTON,EQ
Cummins India Ltd.,Capital Goods,CUMMINSIND,EQ
Cupid Ltd.,Fast Moving Consumer Goods,CUPID,EQ
Cyient Ltd.,Information Technology,CYIENT,EQ
DCB Bank Ltd.,Financial Services,DCBBANK,EQ
DCM Shriram Ltd.,Diversified,DCMSHRIRAM,EQ
DLF Ltd.,Realty,DLF,EQ
DOMS Industries Ltd.,Fast Moving Consumer Goods,DOMS,EQ
Dabur India Ltd.,Fast Moving Consumer Goods,DABUR,EQ
Dalmia Bharat Ltd.,Construction Materials,DALBHARAT,EQ
Data Patterns (India) Ltd.,Capital Goods,DATAPATTNS,EQ
Datamatics Global Services Ltd.,Information Technology,DATAMATICS,EQ
Deepak Fertilisers & Petrochemicals Corp. Ltd.,Chemicals,DEEPAKFERT,EQ
Deepak Nitrite Ltd.,Chemicals,DEEPAKNTR,EQ
Delhivery Ltd.,Services,DELHIVERY,EQ
Devyani International Ltd.,Consumer Services,DEVYANI,EQ
Diamond Power Infrastructure Ltd.,Capital Goods,DIACABS,BE
Dilip Buildcon Ltd.,Construction,DBL,EQ
Divi's Laboratories Ltd.,Healthcare,DIVISLAB,EQ
Dixon Technologies (India) Ltd.,Consumer Durables,DIXON,EQ
Dr. Agarwal's Health Care Ltd.,Healthcare,AGARWALEYE,EQ
Dr. Lal Path Labs Ltd.,Healthcare,LALPATHLAB,EQ
Dr. Reddy's Laboratories Ltd.,Healthcare,DRREDDY,EQ
Dummy HEG Ltd.,Metals & Mining,DUMMYHEG,EQ
Dummy India Glycols ltd. 1,Healthcare,DUMMYINGL1,EQ
Dummy India Glycols ltd. 2,Fast Moving Consumer Goods,DUMMYINGL2,EQ
Dummy Inox Green Ltd.,Construction,DUMMYINXGN,EQ
Dummy Triveni Ltd.,Capital Goods,DUMMYTRVN,EQ
Dynamatic Technologies Ltd.,Capital Goods,DYNAMATECH,EQ
E.I.D. Parry (India) Ltd.,Fast Moving Consumer Goods,EIDPARRY,EQ
EIH Ltd.,Consumer Services,EIHOTEL,EQ
EPL Ltd.,Capital Goods,EPL,EQ
Edelweiss Financial Services Ltd.,Financial Services,EDELWEISS,EQ
Eicher Motors Ltd.,Automobile and Auto Components,EICHERMOT,EQ
Elecon Engineering Co. Ltd.,Capital Goods,ELECON,EQ
Electronics Mart India Ltd.,Consumer Services,EMIL,EQ
Electrosteel Castings Ltd.,Capital Goods,ELECTCAST,EQ
Elgi Equipments Ltd.,Capital Goods,ELGIEQUIP,EQ
Ellenbarrie Industrial Gases Ltd.,Chemicals,ELLEN,EQ
Emami Ltd.,Fast Moving Consumer Goods,EMAMILTD,EQ
Embassy Developments Ltd.,Realty,EMBDL,EQ
Emcure Pharmaceuticals Ltd.,Healthcare,EMCURE,EQ
Emmvee Photovoltaic Power Ltd.,Capital Goods,EMMVEE,EQ
Endurance Technologies Ltd.,Automobile and Auto Components,ENDURANCE,EQ
Engineers India Ltd.,Construction,ENGINERSIN,EQ
Entero Healthcare Solutions Ltd.,Consumer Services,ENTERO,EQ
Enviro Infra Engineers Ltd.,Utilities,EIEL,EQ
Equitas Small Finance Bank Ltd.,Financial Services,EQUITASBNK,EQ
Eris Lifesciences Ltd.,Healthcare,ERIS,EQ
Escorts Kubota Ltd.,Capital Goods,ESCORTS,EQ
Eternal Ltd.,Consumer Services,ETERNAL,EQ
Ethos Ltd.,Consumer Durables,ETHOSLTD,EQ
Eureka Forbes Ltd.,Consumer Durables,EUREKAFORB,EQ
Exide Industries Ltd.,Automobile and Auto Components,EXIDEIND,EQ
FSN E-Commerce Ventures Ltd.,Consumer Services,NYKAA,EQ
Fedbank Financial Services Ltd.,Financial Services,FEDFINA,EQ
Federal Bank Ltd.,Financial Services,FEDERALBNK,EQ
Fertilisers and Chemicals Travancore Ltd.,Chemicals,FACT,EQ
Fiem Industries Ltd,Automobile and Auto Components,FIEMIND,EQ
Finolex Cables Ltd.,Capital Goods,FINCABLES,EQ
Finolex Industries Ltd.,Capital Goods,FINPIPE,EQ
Firstsource Solutions Ltd.,Services,FSL,EQ
Five-Star Business Finance Ltd.,Financial Services,FIVESTAR,EQ
Force Motors Ltd.,Automobile and Auto Components,FORCEMOT,EQ
Fortis Healthcare Ltd.,Healthcare,FORTIS,EQ
Fujiyama Power Systems Ltd.,Capital Goods,UTLSOLAR,EQ
GAIL (India) Ltd.,Oil Gas & Consumable Fuels,GAIL,EQ
GE Vernova T&D India Ltd.,Capital Goods,GVT&D,EQ
GHCL Ltd.,Chemicals,GHCL,EQ
GMM Pfaudler Ltd.,Capital Goods,GMMPFAUDLR,EQ
GMR Airports Ltd.,Services,GMRAIRPORT,EQ
GMR Power and Urban Infra Ltd.,Power,GMRP&UI,EQ
Gabriel India Ltd.,Automobile and Auto Components,GABRIEL,EQ
Gallantt Ispat Ltd.,Capital Goods,GALLANTT,EQ
Garden Reach Shipbuilders & Engineers Ltd.,Capital Goods,GRSE,EQ
Garware Hi-Tech Films Ltd.,Capital Goods,GRWRHITECH,EQ
General Insurance Corporation of India,Financial Services,GICRE,EQ
Gillette India Ltd.,Fast Moving Consumer Goods,GILLETTE,EQ
Gland Pharma Ltd.,Healthcare,GLAND,EQ
Glaxosmithkline Pharmaceuticals Ltd.,Healthcare,GLAXO,EQ
Glenmark Pharmaceuticals Ltd.,Healthcare,GLENMARK,EQ
Global Health Ltd.,Healthcare,MEDANTA,EQ
Go Digit General Insurance Ltd.,Financial Services,GODIGIT,EQ
Godawari Power & Ispat Ltd.,Capital Goods,GPIL,EQ
Godfrey Phillips India Ltd.,Fast Moving Consumer Goods,GODFRYPHLP,EQ
Godrej Agrovet Ltd.,Fast Moving Consumer Goods,GODREJAGRO,EQ
Godrej Consumer Products Ltd.,Fast Moving Consumer Goods,GODREJCP,EQ
Godrej Industries Ltd.,Diversified,GODREJIND,EQ
Godrej Properties Ltd.,Realty,GODREJPROP,EQ
Gokaldas Exports Ltd.,Textiles,GOKEX,EQ
Gokul Agro Resources Ltd.,Fast Moving Consumer Goods,GOKULAGRO,EQ
Granules India Ltd.,Healthcare,GRANULES,EQ
Graphite India Ltd.,Capital Goods,GRAPHITE,EQ
Grasim Industries Ltd.,Construction Materials,GRASIM,EQ
Gravita India Ltd.,Metals & Mining,GRAVITA,EQ
Great Eastern Shipping Co. Ltd.,Services,GESHIP,EQ
Greaves Cotton Ltd.,Capital Goods,GREAVESCOT,EQ
Grindwell Norton Ltd.,Capital Goods,GRINDWELL,EQ
Gujarat Ambuja Exports Ltd.,Fast Moving Consumer Goods,GAEL,EQ
Gujarat Fluorochemicals Ltd.,Chemicals,FLUOROCHEM,EQ
Gujarat Mineral Development Corporation Ltd.,Metals & Mining,GMDCLTD,EQ
Gujarat Narmada Valley Fertilizers and Chemicals Ltd.,Chemicals,GNFC,EQ
Gujarat Pipavav Port Ltd.,Services,GPPL,EQ
Gujarat State Fertilizers & Chemicals Ltd.,Chemicals,GSFC,EQ
H.G. Infra Engineering Ltd.,Construction,HGINFRA,EQ
HBL Engineering Ltd.,Capital Goods,HBLENGINE,EQ
HCL Technologies Ltd.,Information Technology,HCLTECH,EQ
HDB Financial Services Ltd.,Financial Services,HDBFS,EQ
HDFC Asset Management Company Ltd.,Financial Services,HDFCAMC,EQ
HDFC Bank Ltd.,Financial Services,HDFCBANK,EQ
HDFC Life Insurance Company Ltd.,Financial Services,HDFCLIFE,EQ
HEG Advanced Materials Ltd.,Capital Goods,HEGAM,EQ
HFCL Ltd.,Telecommunication,HFCL,BE
Happiest Minds Technologies Ltd.,Information Technology,HAPPSTMNDS,EQ
Havells India Ltd.,Consumer Durables,HAVELLS,EQ
Healthcare Global Enterprises Ltd.,Healthcare,HCG,EQ
Hemisphere Properties India Ltd.,Services,HEMIPROP,EQ
Heritage Foods Ltd.,Fast Moving Consumer Goods,HERITGFOOD,EQ
Hero MotoCorp Ltd.,Automobile and Auto Components,HEROMOTOCO,EQ
Hexaware Technologies Ltd.,Information Technology,HEXT,EQ
Himadri Speciality Chemical Ltd.,Chemicals,HSCL,EQ
Hindalco Industries Ltd.,Metals & Mining,HINDALCO,EQ
Hindustan Aeronautics Ltd.,Capital Goods,HAL,EQ
Hindustan Construction Co. Ltd.,Construction,HCC,EQ
Hindustan Copper Ltd.,Metals & Mining,HINDCOPPER,EQ
Hindustan Petroleum Corporation Ltd.,Oil Gas & Consumable Fuels,HINDPETRO,EQ
Hindustan Unilever Ltd.,Fast Moving Consumer Goods,HINDUNILVR,EQ
Hindustan Zinc Ltd.,Metals & Mining,HINDZINC,EQ
Hitachi Energy India Ltd.,Capital Goods,POWERINDIA,EQ
Home First Finance Company India Ltd.,Financial Services,HOMEFIRST,EQ
Honasa Consumer Ltd.,Fast Moving Consumer Goods,HONASA,EQ
Honeywell Automation India Ltd.,Capital Goods,HONAUT,EQ
Housing & Urban Development Corporation Ltd.,Financial Services,HUDCO,EQ
Hyundai Motor India Ltd.,Automobile and Auto Components,HYUNDAI,EQ
ICICI Bank Ltd.,Financial Services,ICICIBANK,EQ
ICICI Lombard General Insurance Company Ltd.,Financial Services,ICICIGI,EQ
ICICI Prudential Asset Management Company Ltd.,Financial Services,ICICIAMC,EQ
ICICI Prudential Life Insurance Company Ltd.,Financial Services,ICICIPRULI,EQ
IDBI Bank Ltd.,Financial Services,IDBI,EQ
IDFC First Bank Ltd.,Financial Services,IDFCFIRSTB,EQ
IFB Industries Ltd.,Consumer Durables,IFBIND,EQ
IFCI Ltd.,Financial Services,IFCI,EQ
IIFL Capital Services Ltd.,Financial Services,IIFLCAPS,EQ
IIFL Finance Ltd.,Financial Services,IIFL,EQ
INOX India Ltd.,Capital Goods,INOXINDIA,EQ
IRB Infrastructure Developers Ltd.,Construction,IRB,EQ
IRCON International Ltd.,Construction,IRCON,EQ
ITC Hotels Ltd.,Consumer Services,ITCHOTELS,EQ
ITC Ltd.,Fast Moving Consumer Goods,ITC,EQ
ITI Ltd.,Telecommunication,ITI,EQ
Indegene Ltd.,Healthcare,INDGN,EQ
India Cements Ltd.,Construction Materials,INDIACEM,EQ
India Glycols Ltd.,Fast Moving Consumer Goods,INDIAGLYCO,EQ
India Shelter Finance Corporation Ltd.,Financial Services,INDIASHLTR,EQ
Indiamart Intermesh Ltd.,Consumer Services,INDIAMART,EQ
Indian Bank,Financial Services,INDIANB,EQ
Indian Energy Exchange Ltd.,Financial Services,IEX,EQ
Indian Hotels Co. Ltd.,Consumer Services,INDHOTEL,EQ
Indian Metals & Ferro Alloys Ltd.,Metals & Mining,IMFA,EQ
Indian Oil Corporation Ltd.,Oil Gas & Consumable Fuels,IOC,EQ
Indian Overseas Bank,Financial Services,IOB,EQ
Indian Railway Catering And Tourism Corporation Ltd.,Consumer Services,IRCTC,EQ
Indian Railway Finance Corporation Ltd.,Financial Services,IRFC,EQ
Indian Renewable Energy Development Agency Ltd.,Financial Services,IREDA,EQ
Indigo Paints Ltd.,Consumer Durables,INDIGOPNTS,EQ
Indo Count Industries Ltd.,Textiles,ICIL,EQ
Indraprastha Gas Ltd.,Oil Gas & Consumable Fuels,IGL,EQ
Indus Towers Ltd.,Telecommunication,INDUSTOWER,EQ
IndusInd Bank Ltd.,Financial Services,INDUSINDBK,EQ
Info Edge (India) Ltd.,Consumer Services,NAUKRI,EQ
Infosys Ltd.,Information Technology,INFY,EQ
Inox Green Energy Services Ltd.,Services,INOXGREEN,EQ
Inox Wind Ltd.,Capital Goods,INOXWIND,EQ
Intellect Design Arena Ltd.,Information Technology,INTELLECT,EQ
InterGlobe Aviation Ltd.,Services,INDIGO,EQ
International Gemological Institute Ltd.,Services,IGIL,EQ
Inventurus Knowledge Solutions Ltd.,Information Technology,IKS,EQ
Ion Exchange (India) Ltd.,Utilities,IONEXCHANG,EQ
Ipca Laboratories Ltd.,Healthcare,IPCALAB,EQ
J.K. Cement Ltd.,Construction Materials,JKCEMENT,EQ
JAI BALAJI INDUSTRIES Ltd.,Metals & Mining,JAIBALAJI,EQ
JBM Auto Ltd.,Automobile and Auto Components,JBMA,EQ
JK Lakshmi Cement Ltd.,Construction Materials,JKLAKSHMI,EQ
JK Paper Ltd.,Forest Materials,JKPAPER,EQ
JK Tyre & Industries Ltd.,Automobile and Auto Components,JKTYRE,EQ
JM Financial Ltd.,Financial Services,JMFINANCIL,EQ
JSW Cement Ltd.,Construction Materials,JSWCEMENT,EQ
JSW Dulux Ltd.,Consumer Durables,JSWDULUX,EQ
JSW Energy Ltd.,Power,JSWENERGY,EQ
JSW Infrastructure Ltd.,Services,JSWINFRA,EQ
JSW Steel Ltd.,Metals & Mining,JSWSTEEL,EQ
Jain Resource Recycling Ltd.,Metals & Mining,JAINREC,EQ
Jaiprakash Power Ventures Ltd.,Power,JPPOWER,EQ
Jammu & Kashmir Bank Ltd.,Financial Services,J&KBANK,EQ
Jamna Auto Industries Ltd.,Automobile and Auto Components,JAMNAAUTO,EQ
Jana Small Finance Bank Ltd.,Financial Services,JSFB,EQ
Jayaswal Neco Industries Ltd.,Capital Goods,JAYNECOIND,EQ
Jeena Sikho Lifecare Ltd.,Consumer Services,JSLL,EQ
Jindal Saw Ltd.,Capital Goods,JINDALSAW,EQ
Jindal Stainless Ltd.,Metals & Mining,JSL,EQ
Jindal Steel Ltd.,Metals & Mining,JINDALSTEL,EQ
Jio Financial Services Ltd.,Financial Services,JIOFIN,EQ
Jubilant Foodworks Ltd.,Consumer Services,JUBLFOOD,EQ
Jubilant Ingrevia Ltd.,Chemicals,JUBLINGREA,EQ
Jubilant Pharmova Ltd.,Healthcare,JUBLPHARMA,EQ
Jupiter Life Line Hospitals Ltd.,Healthcare,JLHL,EQ
Jupiter Wagons Ltd.,Capital Goods,JWL,EQ
Justdial Ltd.,Consumer Services,JUSTDIAL,EQ
Jyothy Labs Ltd.,Fast Moving Consumer Goods,JYOTHYLAB,EQ
Jyoti CNC Automation Ltd.,Capital Goods,JYOTICNC,EQ
K.P.R. Mill Ltd.,Textiles,KPRMILL,EQ
KEI Industries Ltd.,Capital Goods,KEI,EQ
KNR Constructions Ltd.,Construction,KNRCON,EQ
KPI Green Energy Ltd.,Power,KPIGREEN,EQ
KPIT Technologies Ltd.,Information Technology,KPITTECH,EQ
KRBL Ltd.,Fast Moving Consumer Goods,KRBL,EQ
KRN HEAT EXCHANGER AND REFRIGERATION Ltd.,Capital Goods,KRN,EQ
KSB Ltd.,Capital Goods,KSB,EQ
Kajaria Ceramics Ltd.,Consumer Durables,KAJARIACER,EQ
Kalpataru Projects International Ltd.,Construction,KPIL,EQ
Kalyan Jewellers India Ltd.,Consumer Durables,KALYANKJIL,EQ
Kansai Nerolac Paints Ltd.,Consumer Durables,KANSAINER,EQ
Karnataka Bank Ltd.,Financial Services,KTKBANK,EQ
Karur Vysya Bank Ltd.,Financial Services,KARURVYSYA,EQ
Kaveri Seed Company Ltd.,Fast Moving Consumer Goods,KSCL,EQ
Kaynes Technology India Ltd.,Capital Goods,KAYNES,EQ
Kec International Ltd.,Construction,KEC,EQ
Kfin Technologies Ltd.,Financial Services,KFINTECH,EQ
Kirloskar Brothers Ltd.,Capital Goods,KIRLOSBROS,EQ
Kirloskar Oil Eng Ltd.,Capital Goods,KIRLOSENG,EQ
Kirloskar Pneumatic Company Ltd.,Capital Goods,KIRLPNU,EQ
Kitex Garments Ltd.,Textiles,KITEX,EQ
Kotak Mahindra Bank Ltd.,Financial Services,KOTAKBANK,EQ
Krishna Institute of Medical Sciences Ltd.,Healthcare,KIMS,EQ
L&T Finance Ltd.,Financial Services,LTF,EQ
L&T Technology Services Ltd.,Information Technology,LTTS,EQ
LG Electronics India Ltd.,Consumer Durables,LGEINDIA,EQ
LIC Housing Finance Ltd.,Financial Services,LICHSGFIN,EQ
LT Foods Ltd.,Fast Moving Consumer Goods,LTFOODS,EQ
LTM Ltd.,Information Technology,LTM,EQ
Larsen & Toubro Ltd.,Construction,LT,EQ
Latent View Analytics Ltd.,Information Technology,LATENTVIEW,EQ
Laurus Labs Ltd.,Healthcare,LAURUSLABS,EQ
Laxmi Organic Industries Ltd.,Chemicals,LXCHEM,EQ
Le Travenues Technology Ltd.,Consumer Services,IXIGO,EQ
Leela Palaces Hotels & Resorts Ltd.,Consumer Services,THELEELA,EQ
Lemon Tree Hotels Ltd.,Consumer Services,LEMONTREE,EQ
Lenskart Solutions Ltd.,Consumer Services,LENSKART,EQ
Life Insurance Corporation of India,Financial Services,LICI,EQ
Linde India Ltd.,Chemicals,LINDEINDIA,EQ
Lloyds Engineering Works Ltd.,Capital Goods,LLOYDSENGG,EQ
Lloyds Enterprises Ltd.,Metals & Mining,LLOYDSENT,EQ
Lloyds Metals And Energy Ltd.,Metals & Mining,LLOYDSME,EQ
Lodha Developers Ltd.,Realty,LODHA,EQ
Lumax Auto Technologies Ltd.,Automobile and Auto Components,LUMAXTECH,EQ
Lupin Ltd.,Healthcare,LUPIN,EQ
MMTC Ltd.,Services,MMTC,EQ
MOIL Ltd.,Metals & Mining,MOIL,EQ
MRF Ltd.,Automobile and Auto Components,MRF,EQ
MSTC Ltd.,Services,MSTCLTD,EQ
MTAR Technologies Ltd.,Capital Goods,MTARTECH,BE
Mahanagar Gas Ltd.,Oil Gas & Consumable Fuels,MGL,EQ
Maharashtra Scooters Ltd.,Financial Services,MAHSCOOTER,EQ
Maharashtra Seamless Ltd.,Capital Goods,MAHSEAMLES,EQ
Mahindra & Mahindra Financial Services Ltd.,Financial Services,M&MFIN,EQ
Mahindra & Mahindra Ltd.,Automobile and Auto Components,M&M,EQ
Manappuram Finance Ltd.,Financial Services,MANAPPURAM,EQ
Mangalore Refinery & Petrochemicals Ltd.,Oil Gas & Consumable Fuels,MRPL,EQ
Mankind Pharma Ltd.,Healthcare,MANKIND,EQ
Manorama Industries Ltd.,Fast Moving Consumer Goods,MANORAMA,EQ
Marico Ltd.,Fast Moving Consumer Goods,MARICO,EQ
Marksans Pharma Ltd.,Healthcare,MARKSANS,EQ
Maruti Suzuki India Ltd.,Automobile and Auto Components,MARUTI,EQ
Mastek Ltd.,Information Technology,MASTEK,EQ
Max Financial Services Ltd.,Financial Services,MFSL,EQ
Max Healthcare Institute Ltd.,Healthcare,MAXHEALTH,EQ
Mazagoan Dock Shipbuilders Ltd.,Capital Goods,MAZDOCK,EQ
Medplus Health Services Ltd.,Consumer Services,MEDPLUS,EQ
Meesho Ltd.,Consumer Services,MEESHO,EQ
Metropolis Healthcare Ltd.,Healthcare,METROPOLIS,EQ
Minda Corporation Ltd.,Automobile and Auto Components,MINDACORP,EQ
Mishra Dhatu Nigam Ltd.,Capital Goods,MIDHANI,EQ
Motherson Sumi Wiring India Ltd.,Automobile and Auto Components,MSUMI,EQ
Motilal Oswal Financial Services Ltd.,Financial Services,MOTILALOFS,EQ
MphasiS Ltd.,Information Technology,MPHASIS,EQ
Mrs. Bectors Food Specialities Ltd.,Fast Moving Consumer Goods,BECTORFOOD,EQ
Multi Commodity Exchange of India Ltd.,Financial Services,MCX,EQ
Muthoot Finance Ltd.,Financial Services,MUTHOOTFIN,EQ
NATCO Pharma Ltd.,Healthcare,NATCOPHARM,EQ
NBCC (India) Ltd.,Construction,NBCC,EQ
NCC Ltd.,Construction,NCC,EQ
NEOGEN CHEMICALS LTD.,Chemicals,NEOGEN,EQ
NESCO Ltd.,Services,NESCO,EQ
NHPC Ltd.,Power,NHPC,EQ
NLC India Ltd.,Power,NLCINDIA,EQ
NMDC Ltd.,Metals & Mining,NMDC,EQ
NMDC Steel Ltd.,Metals & Mining,NSLNISP,EQ
NTPC Green Energy Ltd.,Power,NTPCGREEN,EQ
NTPC Ltd.,Power,NTPC,EQ
Narayana Hrudayalaya Ltd.,Healthcare,NH,EQ
National Aluminium Co. Ltd.,Metals & Mining,NATIONALUM,EQ
National Fertilizers Ltd.,Chemicals,NFL,EQ
Nava Ltd.,Power,NAVA,EQ
Navin Fluorine International Ltd.,Chemicals,NAVINFLUOR,EQ
Nazara Technologies Ltd.,Media Entertainment & Publication,NAZARA,EQ
Nestle India Ltd.,Fast Moving Consumer Goods,NESTLEIND,EQ
Netweb Technologies India Ltd.,Information Technology,NETWEB,EQ
Network18 Media & Investments Ltd.,Media Entertainment & Publication,NETWORK18,EQ
Neuland Laboratories Ltd.,Healthcare,NEULANDLAB,EQ
Newgen Software Technologies Ltd.,Information Technology,NEWGEN,EQ
Nippon Life India Asset Management Ltd.,Financial Services,NAM-INDIA,EQ
Niva Bupa Health Insurance Company Ltd.,Financial Services,NIVABUPA,EQ
Nuvama Wealth Management Ltd.,Financial Services,NUVAMA,EQ
Nuvoco Vistas Corporation Ltd.,Construction Materials,NUVOCO,EQ
Oberoi Realty Ltd.,Realty,OBEROIRLTY,EQ
Oil & Natural Gas Corporation Ltd.,Oil Gas & Consumable Fuels,ONGC,EQ
Oil India Ltd.,Oil Gas & Consumable Fuels,OIL,EQ
Ola Electric Mobility Ltd.,Automobile and Auto Components,OLAELEC,EQ
Olectra Greentech Ltd.,Automobile and Auto Components,OLECTRA,EQ
One 97 Communications Ltd.,Financial Services,PAYTM,EQ
Onesource Specialty Pharma Ltd.,Healthcare,ONESOURCE,EQ
Optiemus Infracom Ltd.,Telecommunication,OPTIEMUS,EQ
Oracle Financial Services Software Ltd.,Information Technology,OFSS,EQ
Orient Cement Ltd.,Construction Materials,ORIENTCEM,EQ
Orkla India Ltd.,Fast Moving Consumer Goods,ORKLAINDIA,EQ
Oswal Pumps Ltd.,Capital Goods,OSWALPUMPS,EQ
P N Gadgil Jewellers Ltd.,Consumer Durables,PNGJL,EQ
PB Fintech Ltd.,Financial Services,POLICYBZR,EQ
PC Jeweller Ltd.,Consumer Durables,PCJEWELLER,EQ
PCBL Chemical Ltd.,Chemicals,PCBL,EQ
PG Electroplast Ltd.,Consumer Durables,PGEL,EQ
PI Industries Ltd.,Chemicals,PIIND,EQ
PNB Housing Finance Ltd.,Financial Services,PNBHOUSING,EQ
PNC Infratech Ltd.,Construction,PNCINFRA,EQ
PTC India Ltd.,Power,PTC,EQ
PTC Industries Ltd.,Capital Goods,PTCIL,EQ
PVR INOX Ltd.,Media Entertainment & Publication,PVRINOX,EQ
Page Industries Ltd.,Textiles,PAGEIND,EQ
Paradeep Phosphates Ltd.,Chemicals,PARADEEP,EQ
Paras Defence and Space Technologies Ltd.,Capital Goods,PARAS,EQ
Park Medi World Ltd.,Healthcare,PARKHOSPS,EQ
Patanjali Foods Ltd.,Fast Moving Consumer Goods,PATANJALI,EQ
Pearl Global Industries Ltd.,Textiles,PGIL,EQ
Persistent Systems Ltd.,Information Technology,PERSISTENT,EQ
Petronet LNG Ltd.,Oil Gas & Consumable Fuels,PETRONET,EQ
Pfizer Ltd.,Healthcare,PFIZER,EQ
Phoenix Mills Ltd.,Realty,PHOENIXLTD,EQ
Physicswallah Ltd.,Consumer Services,PWL,EQ
Piccadily Agro Industries Ltd.,Fast Moving Consumer Goods,PICCADIL,EQ
Pidilite Industries Ltd.,Chemicals,PIDILITIND,EQ
Pine Labs Ltd.,Financial Services,PINELABS,EQ
Piramal Finance Ltd.,Financial Services,PIRAMALFIN,EQ
Piramal Pharma Ltd.,Healthcare,PPLPHARMA,EQ
Poly Medicure Ltd.,Healthcare,POLYMED,EQ
Polycab India Ltd.,Capital Goods,POLYCAB,EQ
Poonawalla Fincorp Ltd.,Financial Services,POONAWALLA,EQ
Power Finance Corporation Ltd.,Financial Services,PFC,EQ
Power Grid Corporation of India Ltd.,Power,POWERGRID,EQ
Power Mech Projects Ltd.,Construction,POWERMECH,EQ
Praj Industries Ltd.,Capital Goods,PRAJIND,EQ
Premier Energies Ltd.,Capital Goods,PREMIERENE,EQ
Prestige Estates Projects Ltd.,Realty,PRESTIGE,EQ
Pricol Ltd.,Automobile and Auto Components,PRICOLLTD,EQ
Prime Focus Ltd.,Media Entertainment & Publication,PFOCUS,EQ
Prism Johnson Ltd.,Construction Materials,PRSMJOHNSN,EQ
Privi Speciality Chemicals Ltd.,Chemicals,PRIVISCL,EQ
Prudent Corporate Advisory Services Ltd.,Financial Services,PRUDENT,EQ
Punjab National Bank,Financial Services,PNB,EQ
Puravankara Ltd.,Realty,PURVA,EQ
QUALITY POWER ELECTRICAL EQUIPMENTS Ltd.,Capital Goods,QPOWER,EQ
Quess Corp Ltd.,Services,QUESS,EQ
R R Kabel Ltd.,Capital Goods,RRKABEL,EQ
RBL Bank Ltd.,Financial Services,RBLBANK,EQ
REC Ltd.,Financial Services,RECLTD,EQ
RHI MAGNESITA INDIA LTD.,Capital Goods,RHIM,EQ
RITES Ltd.,Construction,RITES,EQ
Radico Khaitan Ltd,Fast Moving Consumer Goods,RADICO,EQ
Rail Vikas Nigam Ltd.,Construction,RVNL,EQ
Railtel Corporation Of India Ltd.,Telecommunication,RAILTEL,EQ
Rain Industries Ltd,Chemicals,RAIN,EQ
Rainbow Childrens Medicare Ltd.,Healthcare,RAINBOW,EQ
Rallis India Ltd.,Chemicals,RALLIS,EQ
Ramkrishna Forgings Ltd.,Automobile and Auto Components,RKFORGE,EQ
Rashtriya Chemicals & Fertilizers Ltd.,Chemicals,RCF,EQ
Rategain Travel Technologies Ltd.,Information Technology,RATEGAIN,EQ
Ratnamani Metals & Tubes Ltd.,Capital Goods,RATNAMANI,EQ
RattanIndia Enterprises Ltd.,Consumer Services,RTNINDIA,EQ
RattanIndia Power Ltd.,Power,RTNPOWER,EQ
Raymond Lifestyle Ltd.,Textiles,RAYMONDLSL,EQ
Redington Ltd.,Services,REDINGTON,EQ
Redtape Ltd.,Consumer Durables,REDTAPE,EQ
Refex Industries Ltd.,Utilities,REFEX,EQ
Relaxo Footwears Ltd.,Consumer Durables,RELAXO,EQ
Reliance Industries Ltd.,Oil Gas & Consumable Fuels,RELIANCE,EQ
Reliance Power Ltd.,Power,RPOWER,EQ
Religare Enterprises Ltd.,Financial Services,RELIGARE,EQ
Restaurant Brands Asia Ltd.,Consumer Services,RBA,EQ
Route Mobile Ltd.,Telecommunication,ROUTE,EQ
Rubicon Research Ltd.,Healthcare,RUBICON,EQ
SBFC Finance Ltd.,Financial Services,SBFC,EQ
SBI Cards and Payment Services Ltd.,Financial Services,SBICARD,EQ
SBI Life Insurance Company Ltd.,Financial Services,SBILIFE,EQ
SJVN Ltd.,Power,SJVN,EQ
SKF India (Industrial) Ltd.,Capital Goods,SKFINDUS,EQ
SKF India Ltd.,Automobile and Auto Components,SKFINDIA,EQ
SKY GOLD AND DIAMONDS Ltd.,Consumer Durables,SKYGOLD,EQ
SML Mahindra Ltd.,Capital Goods,SMLMAH,EQ
SPR Auto Technologies Ltd.,Automobile and Auto Components,SHRIPISTON,EQ
SRF Ltd.,Chemicals,SRF,EQ
SRI LOTUS DEVELOPERS AND REALTY Ltd.,Realty,LOTUSDEV,BE
Saatvik Green Energy Ltd.,Capital Goods,SAATVIKGL,EQ
Safari Industries (India) Ltd.,Consumer Durables,SAFARI,EQ
Sagility Ltd.,Information Technology,SAGILITY,EQ
Sai Life Sciences Ltd.,Healthcare,SAILIFE,EQ
Samhi Hotels Ltd.,Consumer Services,SAMHI,EQ
Sammaan Capital Ltd.,Financial Services,SAMMAANCAP,EQ
Samvardhana Motherson International Ltd.,Automobile and Auto Components,MOTHERSON,EQ
Sandur Manganese & Iron Ores Ltd.,Metals & Mining,SANDUMA,EQ
Sanofi Consumer Healthcare India Ltd.,Healthcare,SANOFICONR,EQ
Sansera Engineering Ltd.,Automobile and Auto Components,SANSERA,EQ
Sapphire Foods India Ltd.,Consumer Services,SAPPHIRE,EQ
Sarda Energy and Minerals Ltd.,Metals & Mining,SARDAEN,EQ
Saregama India Ltd,Media Entertainment & Publication,SAREGAMA,EQ
Schaeffler India Ltd.,Automobile and Auto Components,SCHAEFFLER,EQ
Schneider Electric Infrastructure Ltd.,Capital Goods,SCHNEIDER,EQ
Senco Gold Ltd.,Consumer Durables,SENCO,EQ
Seshaasai Technologies Ltd.,Financial Services,STYL,EQ
Shaily Engineering Plastics Ltd.,Consumer Durables,SHAILY,EQ
Shakti Pumps (India) Ltd.,Capital Goods,SHAKTIPUMP,EQ
Sharda Cropchem Ltd.,Chemicals,SHARDACROP,EQ
Share India Securities Ltd.,Financial Services,SHAREINDIA,EQ
Sheela Foam Ltd.,Consumer Durables,SFL,EQ
Shilpa Medicare Ltd.,Healthcare,SHILPAMED,EQ
Shipping Corporation of India Ltd.,Services,SCI,EQ
Shree Cement Ltd.,Construction Materials,SHREECEM,EQ
Shree Renuka Sugars Ltd.,Fast Moving Consumer Goods,RENUKA,EQ
Shriram Finance Ltd.,Financial Services,SHRIRAMFIN,EQ
Shyam Metalics and Energy Ltd.,Capital Goods,SHYAMMETL,EQ
Siemens Energy India Ltd.,Capital Goods,ENRIN,EQ
Siemens Ltd.,Capital Goods,SIEMENS,EQ
Signatureglobal (India) Ltd.,Realty,SIGNATURE,EQ
Skipper Ltd.,Capital Goods,SKIPPER,EQ
Smartworks Coworking Spaces Ltd.,Services,SMARTWORKS,EQ
Sobha Ltd.,Realty,SOBHA,EQ
Solar Industries India Ltd.,Chemicals,SOLARINDS,EQ
Sona BLW Precision Forgings Ltd.,Automobile and Auto Components,SONACOMS,EQ
Sonata Software Ltd.,Information Technology,SONATSOFTW,EQ
South Indian Bank Ltd.,Financial Services,SOUTHBANK,EQ
Star Cement Ltd.,Construction Materials,STARCEMENT,EQ
Star Health and Allied Insurance Company Ltd.,Financial Services,STARHEALTH,EQ
State Bank of India,Financial Services,SBIN,EQ
Steel Authority of India Ltd.,Metals & Mining,SAIL,EQ
Sterling and Wilson Renewable Energy Ltd.,Construction,SWSOLAR,EQ
Sterlite Technologies Ltd.,Telecommunication,STLTECH,BE
Strides Pharma Science Ltd.,Healthcare,STAR,EQ
Styrenix Performance Materials Ltd.,Chemicals,STYRENIX,EQ
Subros Ltd.,Capital Goods,SUBROS,EQ
Sudarshan Chemical Industries Ltd.,Chemicals,SUDARSCHEM,EQ
Sudeep Pharma Ltd.,Chemicals,SUDEEPPHRM,EQ
Sumitomo Chemical India Ltd.,Chemicals,SUMICHEM,EQ
Sun Pharma Advanced Research Company Ltd.,Healthcare,SPARC,EQ
Sun Pharmaceutical Industries Ltd.,Healthcare,SUNPHARMA,EQ
Sun TV Network Ltd.,Media Entertainment & Publication,SUNTV,EQ
Sundaram Finance Ltd.,Financial Services,SUNDARMFIN,EQ
Sunteck Realty Ltd.,Realty,SUNTECK,EQ
Supreme Industries Ltd.,Capital Goods,SUPREMEIND,EQ
Supreme Petrochem Ltd.,Chemicals,SPLPETRO,EQ
Supriya Lifescience Ltd.,Healthcare,SUPRIYA,EQ
Surya Roshni Ltd.,Capital Goods,SURYAROSNI,EQ
Suzlon Energy Ltd.,Capital Goods,SUZLON,EQ
Swan Corp Ltd.,Chemicals,SWANCORP,EQ
Swiggy Ltd.,Consumer Services,SWIGGY,EQ
Syngene International Ltd.,Healthcare,SYNGENE,EQ
Syrma SGS Technology Ltd.,Capital Goods,SYRMA,EQ
TARC Ltd.,Realty,TARC,EQ
TBO Tek Ltd.,Consumer Services,TBOTEK,EQ
TD Power Systems Ltd.,Capital Goods,TDPOWERSYS,EQ
TSF Investments Ltd.,Financial Services,TSFINV,EQ
TVS Motor Company Ltd.,Automobile and Auto Components,TVSMOTOR,EQ
TVS Supply Chain Solutions Ltd.,Services,TVSSCS,EQ
Tamilnad Mercantile Bank Ltd.,Financial Services,TMB,EQ
Tanla Platforms Ltd.,Information Technology,TANLA,EQ
Tata Capital Ltd.,Financial Services,TATACAP,EQ
Tata Chemicals Ltd.,Chemicals,TATACHEM,EQ
Tata Communications Ltd.,Telecommunication,TATACOMM,EQ
Tata Consultancy Services Ltd.,Information Technology,TCS,EQ
Tata Consumer Products Ltd.,Fast Moving Consumer Goods,TATACONSUM,EQ
Tata Elxsi Ltd.,Information Technology,TATAELXSI,EQ
Tata Investment Corporation Ltd.,Financial Services,TATAINVEST,EQ
Tata Motors Ltd.,Capital Goods,TMCV,EQ
Tata Motors Passenger Vehicles Ltd.,Automobile and Auto Components,TMPV,EQ
Tata Power Co. Ltd.,Power,TATAPOWER,EQ
Tata Steel Ltd.,Metals & Mining,TATASTEEL,EQ
Tata Technologies Ltd.,Information Technology,TATATECH,EQ
Tata Teleservices (Maharashtra) Ltd.,Telecommunication,TTML,EQ
Tech Mahindra Ltd.,Information Technology,TECHM,EQ
Techno Electric & Engineering Company Ltd.,Construction,TECHNOE,EQ
Tega Industries Ltd.,Capital Goods,TEGA,EQ
Tejas Networks Ltd.,Telecommunication,TEJASNET,EQ
Tenneco Clean Air India Ltd.,Automobile and Auto Components,TENNIND,EQ
Texmaco Rail & Eng. Ltd.,Capital Goods,TEXRAIL,EQ
Thangamayil Jewellery Ltd.,Consumer Durables,THANGAMAYL,EQ
The Anup Engineering Ltd.,Capital Goods,ANUP,EQ
The New India Assurance Company Ltd.,Financial Services,NIACL,EQ
The Ramco Cements Ltd.,Construction Materials,RAMCOCEM,EQ
Thermax Ltd.,Capital Goods,THERMAX,EQ
Thomas Cook (India) Ltd.,Consumer Services,THOMASCOOK,EQ
Thyrocare Technologies Ltd.,Healthcare,THYROCARE,EQ
Tilaknagar Industries Ltd.,Fast Moving Consumer Goods,TI,EQ
Time Technoplast Ltd.,Capital Goods,TIMETECHNO,EQ
Timken India Ltd.,Capital Goods,TIMKEN,EQ
Tips Music Ltd.,Media Entertainment & Publication,TIPSMUSIC,EQ
Titagarh Rail Systems Ltd.,Capital Goods,TITAGARH,EQ
Titan Company Ltd.,Consumer Durables,TITAN,EQ
Torrent Pharmaceuticals Ltd.,Healthcare,TORNTPHARM,EQ
Torrent Power Ltd.,Power,TORNTPOWER,EQ
Transformers And Rectifiers (India) Ltd.,Capital Goods,TARIL,EQ
Transrail Lighting Ltd.,Capital Goods,TRANSRAILL,EQ
Travel Food Services Ltd.,Consumer Services,TRAVELFOOD,EQ
Trent Ltd.,Consumer Services,TRENT,EQ
Trident Ltd.,Textiles,TRIDENT,EQ
Triveni Engineering & Industries Ltd.,Fast Moving Consumer Goods,TRIVENI,EQ
Triveni Turbine Ltd.,Capital Goods,TRITURBINE,EQ
Tube Investments of India Ltd.,Automobile and Auto Components,TIINDIA,EQ
UCO Bank,Financial Services,UCOBANK,EQ
UNO Minda Ltd.,Automobile and Auto Components,UNOMINDA,EQ
UPL Ltd.,Chemicals,UPL,EQ
UTI Asset Management Company Ltd.,Financial Services,UTIAMC,EQ
Ujjivan Small Finance Bank Ltd.,Financial Services,UJJIVANSFB,EQ
UltraTech Cement Ltd.,Construction Materials,ULTRACEMCO,EQ
Union Bank of India,Financial Services,UNIONBANK,EQ
United Breweries Ltd.,Fast Moving Consumer Goods,UBL,EQ
United Spirits Ltd.,Fast Moving Consumer Goods,UNITDSPR,EQ
Urban Company Ltd.,Consumer Services,URBANCO,EQ
Usha Martin Ltd.,Capital Goods,USHAMART,EQ
V-Guard Industries Ltd.,Consumer Durables,VGUARD,EQ
V-Mart Retail Ltd.,Consumer Services,VMART,EQ
V.I.P. Industries Ltd.,Consumer Durables,VIPIND,EQ
V2 Retail Ltd.,Consumer Services,V2RETAIL,EQ
VALOR ESTATE Ltd.,Realty,DBREALTY,EQ
Va Tech Wabag Ltd.,Utilities,WABAG,EQ
Vaibhav Global Ltd.,Consumer Durables,VAIBHAVGBL,EQ
Vardhman Textiles Ltd.,Textiles,VTL,EQ
Varroc Engineering Ltd.,Automobile and Auto Components,VARROC,EQ
Varun Beverages Ltd.,Fast Moving Consumer Goods,VBL,EQ
Vedant Fashions Ltd.,Consumer Services,MANYAVAR,EQ
Vedanta Ltd.,Metals & Mining,VEDL,EQ
Vijaya Diagnostic Centre Ltd.,Healthcare,VIJAYA,EQ
Vikram Solar Ltd.,Capital Goods,VIKRAMSOLR,EQ
Vishal Mega Mart Ltd.,Consumer Services,VMM,EQ
Viyash Scientific Ltd.,Healthcare,VIYASH,EQ
Vodafone Idea Ltd.,Telecommunication,IDEA,EQ
Voltamp Transformers Ltd,Capital Goods,VOLTAMP,EQ
Voltas Ltd.,Consumer Durables,VOLTAS,EQ
Waaree Energies Ltd.,Capital Goods,WAAREEENER,EQ
Waaree Renewable Technologies Ltd.,Capital Goods,WAAREERTL,EQ
Wakefit Innovations Ltd.,Consumer Durables,WAKEFIT,EQ
WeWork India Management Ltd.,Services,WEWORK,EQ
Websol Energy System Ltd.,Capital Goods,WEBELSOLAR,EQ
Welspun Corp Ltd.,Capital Goods,WELCORP,EQ
Welspun Enterprises Ltd.,Construction,WELENT,EQ
Welspun Living Ltd.,Textiles,WELSPUNLIV,EQ
Westlife Foodworld Ltd.,Consumer Services,WESTLIFE,EQ
Whirlpool of India Ltd.,Consumer Durables,WHIRLPOOL,EQ
Wipro Ltd.,Information Technology,WIPRO,EQ
Wockhardt Ltd.,Healthcare,WOCKPHARMA,EQ
Yatharth Hospital & Trauma Care Services Ltd.,Healthcare,YATHARTH,EQ
Yes Bank Ltd.,Financial Services,YESBANK,EQ
ZF Commercial Vehicle Control Systems India Ltd.,Automobile and Auto Components,ZFCVINDIA,EQ
Zaggle Prepaid Ocean Services Ltd.,Information Technology,ZAGGLE,EQ
Zee Entertainment Enterprises Ltd.,Media Entertainment & Publication,ZEEL,EQ
Zen Technologies Ltd.,Capital Goods,ZENTEC,EQ
Zensar Technolgies Ltd.,Information Technology,ZENSARTECH,EQ
Zydus Lifesciences Ltd.,Healthcare,ZYDUSLIFE,EQ
Zydus Wellness Ltd.,Fast Moving Consumer Goods,ZYDUSWELL,EQ
eClerx Services Ltd.,Services,ECLERX,EQ
